ComID,Committee,ComShort,cat1,cat2,totspend,totspendout,IE,givingtot,topac,todem,torep,toballot,receivedtot,frompac,fromdem,fromrep,fromother,ComID,Committee,stype,CommCity,CommState,CommZip,CommWeb,RegistrationDate,TerminationDate,begincash2007,endcash2012,ComID,Committee,cat1,cat2,totspend,gave to pacs,received from pacs,ComID,Committee,IE,pctie,ieprodfl,ieprorpm,ieother,candall,canddfl,candrpm,partyall,partydfl,partyrpm
99999,2010/2012 Funds,2010/12 Funds,pac,ie,3942468.87,0.0,0.0,3942468.9,3942468.9,,,,3942388.9,2647770.0,,,1294618.9,99999,2010/2012 Funds,Independent Expenditure,St Paul,MN,55104,,2/18/10 14:57,,,5.74,99999,2010/2012 Funds,pac,prodfl,3942468.87,TRUE,TRUE,99999,2010/2012 Funds,,0,,,,,,,,,
41088,A Stronger Minnesota,A Stronger Minnesota,pac,ie,18827.55,18827.6,18827.6,,,,,,24950.0,,,7000.0,17950.0,41088,A Stronger Minnesota,Independent Expenditure,Belle Plaine,MN,56011,www.astrongerminnesota.com,9/19/12 14:28,,,557.51,41088,A Stronger Minnesota,pac,prorpm,18827.55,FALSE,FALSE,41088,A Stronger Minnesota,18827.55,100,,18827.55,,,,,,,
70047,ACEC/MN Political Action Committee,,pac,,74918.11,74918.1,,74918.1,,36268.1,38650.0,,85354.2,,,,85354.2,70047,ACEC/MN Political Action Committee,Political Committee,Minnetonka,MN,55305,,8/24/09 9:54,,,4266.13,70047,ACEC/MN Political Action Committee,pac,issue,74918.11,FALSE,FALSE,70047,ACEC/MN Political Action Committee,,,,,,45668.11,22768.11,22900,29250,13500,15750
30088,AFL-CIO Southeast Central Labor Council,AFL-CIO SE Labor Council,pac,labor,10460.96,5901.2,4401.2,6059.8,4559.8,1500.0,,,6100.0,4300.0,,,1800.0,30088,AFL-CIO Southeast Central Labor Council,Political Fund,Rochester,MN,55904,,11/12/74,8/21/08,3573.76,,30088,AFL-CIO Southeast Central Labor Council,pac,labor,10460.96,TRUE,TRUE,30088,AFL-CIO Southeast Central Labor Council,4401.18,42.0724293,4401.18,,,,,,1500,1500,
30204,AFSCME,AFSCME,pac,labor,2317688,739420.0,5340.0,2312348.0,1578268.0,734080.0,,,,,,,,30204,AFSCME,Political Fund,Washington,DC,20036,afscme.org,9/27/82,,0,0,30204,AFSCME,pac,labor,2317688,FALSE,TRUE,30204,AFSCME,5340,0.230402021,63527,,,1500,1500,,732580,732580,
30593,AFSCME Minn PEOPLE Committee Council 5 PAC,AFSCME Council 5,pac,labor,1514590.52,1011901.2,319730.7,1194859.8,502689.3,683720.5,3300.0,5150.0,2041199.9,1223268.0,6398.5,,811533.5,30593,AFSCME Minn PEOPLE Committee Council 5 PAC,Political Fund,South St Paul,MN,55075,,5/19/05,,35296.45,46042.08,30593,AFSCME Minn PEOPLE Committee Council 5 PAC,pac,labor,1514590.52,TRUE,TRUE,30593,AFSCME Minn PEOPLE Committee Council 5 PAC,319730.7,21.11004234,353723.02,2217.69,362.35,87725,84425,3300,599295.53,599295.53,
70024,Aging Services of Minn (fka MHHA PAC),Aging Services MN,pac,,46500,46500.0,,46500.0,,22900.0,23600.0,,42548.0,,,,42548.0,70024,Aging Services of Minn (fka MHHA PAC),Political Committee,St Paul,MN,55114,,8/13/01,,5071.37,9802.28,70024,Aging Services of Minn (fka MHHA PAC),pac,biz,46500,FALSE,FALSE,70024,Aging Services of Minn (fka MHHA PAC),,,,,,2050,1200,850,44450,21700,22750
80024,Alliance for a Better Minnesota Action Fund,Alliance Better MN,pac,ie,7166803.82,7162563.8,7162563.8,4240.0,4240.0,,,,9882936.5,9589385.2,,,293551.2,80024,Alliance for a Better Minnesota Action Fund,Independent Expenditure,St Paul,MN,55104,abetterminnesota.org,9/26/07,,0,2405.67,80024,Alliance for a Better Minnesota Action Fund,pac,prodfl,7166803.82,TRUE,TRUE,80024,Alliance for a Better Minnesota Action Fund,7162563.82,99.94083834,6824932.08,8758.83,328872.91,,,,,,
30074,Amalgamated Transit Union Local 1005,,pac,labor,41933.12,39105.0,,41933.1,2828.1,38805.0,,,35350.0,,250.0,,35100.0,30074,Amalgamated Transit Union Local 1005,Political Fund,Minneapolis,MN,55414,,10/29/74,,6800,541.88,30074,Amalgamated Transit Union Local 1005,pac,labor,41933.12,FALSE,TRUE,30074,Amalgamated Transit Union Local 1005,,,,,,20925,20625,,18180,18180,
40954,America Votes - Minnesota,America Votes-MN,pac,prodfl,26000,0.0,,26000.0,26000.0,,,,56639.7,41639.7,,,15000.0,40954,America Votes - Minnesota,Political Committee,Washington,DC,20036,,5/10/06,,86793.81,3377.05,40954,America Votes - Minnesota,pac,prodfl,26000,TRUE,TRUE,40954,America Votes - Minnesota,,,3230.47,,,,,,,,
41093,America Votes Action Fund - Minnesota,America Votes,pac,ie,15875.62,15875.6,15875.6,,,,,,63693.0,33347.0,,,30346.0,41093,America Votes Action Fund - Minnesota,Independent Expenditure,Washington,DC,20036,,9/28/12 10:23,,,7403.63,41093,America Votes Action Fund - Minnesota,pac,prodfl,15875.62,TRUE,FALSE,41093,America Votes Action Fund - Minnesota,15875.62,100,15875.62,,,,,,,,
30657,Americans for Tax Reform Political Fund,,pac,ie,30915,30915.0,30915.0,,,,,,30915.0,,,,30915.0,30657,Americans for Tax Reform Political Fund,Independent Expenditure,Washington,DC,20005,www.atr.org,11/2/12 9:37,12/31/12,,0,30657,Americans for Tax Reform Political Fund,pac,issue,30915,FALSE,FALSE,30657,Americans for Tax Reform Political Fund,30915,100,,30915,,,,,,,
30137,BAM-PAC,,pac,,36880,36880.0,,36880.0,,17980.0,18900.0,,34834.5,,,,34834.5,30137,BAM-PAC,Political Fund,St Paul,MN,55103-2186,,6/27/78,,1080.18,8954.21,30137,BAM-PAC,pac,biz,36880,FALSE,FALSE,30137,BAM-PAC,,,,460.35,,3000,1350,1650,33880,16630,17250
30274,Beer PAC-Minn Beer Wholesalers Assoc,Beer PAC,pac,,166080,165580.0,,166080.0,500.0,85450.0,80130.0,,177941.2,,,,177941.2,30274,Beer PAC-Minn Beer Wholesalers Assoc,Political Fund,Eden Prairie,MN,55347,,4/15/86,,3604.54,9429.31,30274,Beer PAC-Minn Beer Wholesalers Assoc,pac,biz,166080,FALSE,TRUE,30274,Beer PAC-Minn Beer Wholesalers Assoc,,,,,,13530,7500,6030,152050,77950,74100
30584,Best & Flanagan Political Fund,Best & Flanagan,pac,,51537.5,49587.5,,51537.5,1950.0,33037.5,15350.0,500.0,71715.8,,,,71715.8,30584,Best & Flanagan Political Fund,Political Fund,Minneapolis,MN,55402,,6/4/04,,705.72,6109.48,30584,Best & Flanagan Political Fund,pac,lawyers,51537.5,FALSE,TRUE,30584,Best & Flanagan Political Fund,,,,,,17900,12300,4900,31187.5,20737.5,10450
30594,Boilermakers 647 Political Action Fund,Boilermakers 647,pac,labor,212587.5,201587.5,,212587.5,11000.0,200837.5,,750.0,53535.0,,,,53535.0,30594,Boilermakers 647 Political Action Fund,Political Fund,Ramsey,MN,55303,,5/17/05,,47602,28625.12,30594,Boilermakers 647 Political Action Fund,pac,labor,212587.5,FALSE,TRUE,30594,Boilermakers 647 Political Action Fund,,,,,,41837.5,41837.5,,159000,159000,
30563,Bois Forte Political Education Fund,Bois Forte,pac,indian,65100,63100.0,,65100.0,2000.0,56100.0,7000.0,,56800.0,,,,56800.0,30563,Bois Forte Political Education Fund,Political Fund,Nett Lake,MN,55772,,12/13/00,,-1340.41,918.1,30563,Bois Forte Political Education Fund,pac,indian,65100,FALSE,TRUE,30563,Bois Forte Political Education Fund,,,,,,3650,3650,,59450,52450,7000
40542,Brotherhood of Locomotive Engineers & Trainmen,,pac,labor,19850,19850.0,,19850.0,,19650.0,,,8005.0,,,,8005.0,40542,Brotherhood of Locomotive Engineers & Trainmen,Political Committee,Cleveland,OH,44113,,10/7/88,,5250.61,5396.61,40542,Brotherhood of Locomotive Engineers & Trainmen,pac,labor,19850,FALSE,FALSE,40542,Brotherhood of Locomotive Engineers & Trainmen,,,,,,10650,10450,,9200,9200,
30617,Building Trades C1 PAC Fund,Building Trades C1,pac,labor,29050,28600.0,,29050.0,450.0,26800.0,1800.0,,28350.0,2300.0,,,26050.0,30617,Building Trades C1 PAC Fund,Political Fund,St Paul,MN,55102,,10/18/07,,5273.29,1431.33,30617,Building Trades C1 PAC Fund,pac,labor,29050,TRUE,TRUE,30617,Building Trades C1 PAC Fund,,,,,,10500,10200,300,18100,16600,1500
40038,"CAR, Committee of Automotive Retailers",CAR,pac,biz,266105.29,235750.0,,266105.3,30355.3,126400.0,108350.0,,272906.0,,,,272906.0,40038,"CAR, Committee of Automotive Retailers",Political Committee,St Paul,MN,55118-3505,,7/5/74,,15932,24164.9,40038,"CAR, Committee of Automotive Retailers",pac,biz,266105.29,FALSE,TRUE,40038,"CAR, Committee of Automotive Retailers",,,,460.35,,40250,14650,24600,195500,111750,83750
30138,CARE / PAC,CARE/PAC,pac,biz,107525,107525.0,,107525.0,,53575.0,53950.0,,54570.7,,,,54570.7,30138,CARE / PAC,Political Fund,Bloomington,MN,55425,,8/31/78,,33572,10183.72,30138,CARE / PAC,pac,biz,107525,FALSE,FALSE,30138,CARE / PAC,,,,,,2850,2600,250,104675,50975,53700
30583,Carpenters Local #606 PAC,,pac,labor,13100,13100.0,,13100.0,,13100.0,,,,,,,,30583,Carpenters Local #606 PAC,Political Fund,Grand Rapids,MN,55744,,2/3/04,,3226,7211.3,30583,Carpenters Local #606 PAC,pac,labor,13100,FALSE,FALSE,30583,Carpenters Local #606 PAC,,,,,,5700,5700,,7400,7400,
40782,Carpenters Local 1644 PAC,Carpenters Local 1644,pac,labor,21095.56,17950.0,,21095.6,3145.6,17700.0,,,13336.0,250.0,,,13086.0,40782,Carpenters Local 1644 PAC,Political Committee,Minneapolis,MN,55406,,1/26/98,11/16/11,3047.51,,40782,Carpenters Local 1644 PAC,pac,labor,21095.56,TRUE,TRUE,40782,Carpenters Local 1644 PAC,,,,,,17200,16950,,750,750,
30642,Carpenters Local 322,,pac,labor,11880,11880.0,,11880.0,,11880.0,,,19046.5,,130.0,250.0,18666.5,30642,Carpenters Local 322,Political Fund,St Paul,MN,55130,local322.net,10/28/11 9:16,,,2604.05,30642,Carpenters Local 322,pac,labor,11880,FALSE,FALSE,30642,Carpenters Local 322,,,,,,10630,10630,,1250,1250,
30592,Carpenters Local Union 361 Pol Fund,Carpenters Local 361,pac,labor,11490,11490.0,,11490.0,,10990.0,,,8500.0,500.0,,,8000.0,30592,Carpenters Local Union 361 Pol Fund,Political Fund,Hermantown,MN,55811,,1/4/05,,1084.12,969.12,30592,Carpenters Local Union 361 Pol Fund,pac,labor,11490,TRUE,FALSE,30592,Carpenters Local Union 361 Pol Fund,,,,,,6750,6250,,4740,4740,
30581,CHG PAC,CHG PAC,pac,,21100,21100.0,,21100.0,,7600.0,13500.0,,20900.0,,,,20900.0,30581,CHG PAC,Political Fund,Maple Grove,MN,55311,,5/28/03,10/12/10,385.01,,30581,CHG PAC,pac,biz,21100,FALSE,FALSE,30581,CHG PAC,,,,,,,,,21100,7600,13500
80018,Clean Water Action Voter Education Project,,pac,biz,29313.71,23313.7,23313.7,6000.0,6000.0,,,,20220.0,,,,20220.0,80018,Clean Water Action Voter Education Project,Political Fund,Minneapolis,MN,55414,,10/30/84,,14249.64,380.12,80018,Clean Water Action Voter Education Project,pac,biz,29313.71,FALSE,TRUE,80018,Clean Water Action Voter Education Project,23313.71,79.53176176,82915.04,45.81,71.76,,,,,,
30647,CMVC Fund (Conservation MN Voter Center),,pac,ie,27177.69,27177.7,27177.7,,,,,,40500.0,500.0,,,40000.0,30647,CMVC Fund (Conservation MN Voter Center),Independent Expenditure,Minneapolis,MN,55415,www.mnvotercenter.org,7/20/12 16:27,,,3541.31,30647,CMVC Fund (Conservation MN Voter Center),pac,issue,27177.69,TRUE,FALSE,30647,CMVC Fund (Conservation MN Voter Center),27177.69,100,27177.69,,,,,,,,
70007,Coalition of MN Businesses PAC,Coalition MN Businesses,pac,biz,888732.36,866890.8,866890.8,21841.5,21841.5,,,,905061.0,903500.0,,,1561.0,70007,Coalition of MN Businesses PAC,Political Committee,St Paul,MN,55101,,11/15/94 9:36,,9408.19,9182.18,70007,Coalition of MN Businesses PAC,pac,biz,888732.36,TRUE,TRUE,70007,Coalition of MN Businesses PAC,866890.84,97.54239623,,1309750.53,,,,,,,
40045,Committee of Thirteen Legislative Fund,,pac,labor,105430,105305.0,,105430.0,125.0,103205.0,2100.0,,,,,,,40045,Committee of Thirteen Legislative Fund,Political Committee,Oakdale,MN,55128,committeeof13.org,10/21/74,,5827,6265,40045,Committee of Thirteen Legislative Fund,pac,labor,105430,FALSE,TRUE,40045,Committee of Thirteen Legislative Fund,,,1591,,,36330,35330,1000,68975,67875,1100
41045,Committee to Stop Wasteful Spending,,pac,ie,31883.79,28820.9,28820.9,3062.9,3062.9,,,,32500.0,10000.0,,,22500.0,41045,Committee to Stop Wasteful Spending,Independent Expenditure,St Paul,MN,55101,,8/25/10 11:29,12/31/11,,,41045,Committee to Stop Wasteful Spending,pac,,31883.79,TRUE,TRUE,41045,Committee to Stop Wasteful Spending,28820.9,90.39358244,,28820.9,,,,,,,
80008,Conservation Minnesota Voter Fund,Conservation MN,pac,,179496.9,179496.9,138850.8,40646.1,,30310.0,3950.0,6386.1,444217.0,,,,444217.0,80008,Conservation Minnesota Voter Fund,Political Fund,Minneapolis,MN,55415,,8/24/00,,9609.22,5776.76,80008,Conservation Minnesota Voter Fund,pac,issue,179496.9,FALSE,FALSE,80008,Conservation Minnesota Voter Fund,138850.79,77.3555365,236486.08,63801.34,5813.54,9860,8760,1100,24400,21550,2850
30312,Council 65 Political Action Committee,,pac,labor,19430,19430.0,,19430.0,,19430.0,,,11742.6,,,,11742.6,30312,Council 65 Political Action Committee,Political Fund,Nashwauk,MN,55769,,4/13/90,,5356.58,54.57,30312,Council 65 Political Action Committee,pac,labor,19430,FALSE,FALSE,30312,Council 65 Political Action Committee,,,,,,9450,9450,,9980,9980,
41083,Count Them All Properly,,pac,,27000,27000.0,,27000.0,,,27000.0,,31010.0,,,,31010.0,41083,Count Them All Properly,Political Committee,St Paul,MN,55102,,2/8/11 9:27,9/19/12,,0,41083,Count Them All Properly,pac,prorpm,27000,FALSE,FALSE,41083,Count Them All Properly,,,,,,,,,27000,,27000
30224,CUVOL,CUVOL,pac,,79670,78920.0,,79670.0,750.0,41420.0,37500.0,,26792.2,,,,26792.2,30224,CUVOL,Political Fund,St Paul,MN,55102,,2/28/75,,1552.69,15512.94,30224,CUVOL,pac,biz,79670,FALSE,TRUE,30224,CUVOL,,,,,,19350,11650,7700,59570,29770,29800
80021,CWA COPE PCC,CWA COPE,pac,labor,85100,39000.0,,85100.0,46100.0,39000.0,,,148980.5,,,,148980.5,80021,CWA COPE PCC,Political Fund,Washington,DC,20001,,8/22/06,,29400.47,315208.98,80021,CWA COPE PCC,pac,labor,85100,FALSE,TRUE,80021,CWA COPE PCC,,,,,,6000,6000,,33000,33000,
40491,D&T Better Government Committee,D&T Better Gov,pac,,17177.84,0.0,,17177.8,17177.8,,,,11175.0,,,,11175.0,40491,D&T Better Government Committee,Political Committee,Minneapolis,MN,55402-1538,,10/30/87,8/8/12,2937.12,0,40491,D&T Better Government Committee,pac,biz,17177.84,FALSE,TRUE,40491,D&T Better Government Committee,,,,,,,,,,,
30640,Dominium Political Fund,,pac,,12550,2550.0,,12550.0,10000.0,2550.0,,,24320.0,,,,24320.0,30640,Dominium Political Fund,Political Fund,Plymouth,MN,55441,,4/5/11 14:24,,,6270,30640,Dominium Political Fund,pac,,12550,FALSE,TRUE,30640,Dominium Political Fund,,,,,,1550,1550,,1000,1000,
30116,Dorsey Political Fund,Dorsey,pac,lawyers,218203.65,204385.7,,218203.7,13818.0,104825.0,85952.8,,233821.0,,,,233821.0,30116,Dorsey Political Fund,Political Fund,Minneapolis,MN,55402-1498,,10/23/74,,5138.64,6278.51,30116,Dorsey Political Fund,pac,lawyers,218203.65,FALSE,TRUE,30116,Dorsey Political Fund,,,,,,75357.89,39775,21975,129027.76,65050,63977.76
40815,DRIVE- Democrat Republican Ind. Voter Edu.,DRIVE,pac,labor,1122688.6,162000.0,,1122688.6,960688.6,162000.0,,,261914.6,,,,261914.6,40815,DRIVE- Democrat Republican Ind. Voter Edu.,Political Committee,Washington,DC,20001,,11/13/98,,64125.41,0,40815,DRIVE- Democrat Republican Ind. Voter Edu.,pac,labor,1122688.6,FALSE,TRUE,40815,DRIVE- Democrat Republican Ind. Voter Edu.,,,,,,,,,162000,162000,
40915,Duluth Active & Retired Teachers Group,,pac,labor,10000,10000.0,,10000.0,,10000.0,,,240.0,,,,240.0,40915,Duluth Active & Retired Teachers Group,Political Committee,Duluth,MN,55811,,1/22/04,,8802.41,0,40915,Duluth Active & Retired Teachers Group,pac,labor,10000,FALSE,FALSE,40915,Duluth Active & Retired Teachers Group,,,,,,4000,4000,,6000,6000,
30096,Duluth FirePAC,Duluth Fire,pac,labor,33677.5,33677.5,3397.5,30280.0,,30280.0,,,111447.0,900.0,,,110547.0,30096,Duluth FirePAC,Political Fund,Duluth,MN,55803,www.duluthfirepac.com,9/12/77,,25338.93,39737,30096,Duluth FirePAC,pac,labor,33677.5,TRUE,FALSE,30096,Duluth FirePAC,3397.5,10.08833791,3397.5,,,18000,18000,,12280,12280,
30626,East Central MN Area Labor Council COPE,,pac,labor,12788.6,12288.6,2388.6,10400.0,500.0,9400.0,,500.0,13342.3,,,,13342.3,30626,East Central MN Area Labor Council COPE,Political Fund,St Cloud,MN,56301,,4/23/10 9:31,,,553.65,30626,East Central MN Area Labor Council COPE,pac,labor,12788.6,FALSE,TRUE,30626,East Central MN Area Labor Council COPE,2388.6,18.67757221,2388.6,,,7000,7000,,2400,2400,
30609,East Metro ASC LLC PAC (fka Minn Ambulatory Surgery Center Assoc),,pac,,13000,13000.0,,13000.0,,4000.0,9000.0,,13993.7,,,,13993.7,30609,East Metro ASC LLC PAC (fka Minn Ambulatory Surgery Center Assoc),Political Fund,Lake Elmo,MN,55042,,8/9/06,,1822.18,4430.47,30609,East Metro ASC LLC PAC (fka Minn Ambulatory Surgery Center Assoc),pac,biz,13000,FALSE,FALSE,30609,East Metro ASC LLC PAC (fka Minn Ambulatory Surgery Center Assoc),,,,,,2500,1000,1500,10500,3000,7500
41005,Edinans for Erhardt,Edinans for Erhardt,pac,,49961.94,39681.6,39681.6,10280.4,10280.4,,,,49500.0,44500.0,,,5000.0,41005,Edinans for Erhardt,Political Committee,Edina,MN,55424,,9/15/08,12/31/09,,,41005,Edinans for Erhardt,pac,candidate,49961.94,TRUE,TRUE,41005,Edinans for Erhardt,39681.57,79.42359724,39681.57,,,,,,,,
30558,Education Minn PAC,Education Minnesota,pac,labor,3934330.44,3004475.4,1065266.2,2869064.2,929855.0,1782699.0,42325.0,114185.2,4769608.8,15130.0,,,4754478.9,30558,Education Minn PAC,Political Fund,St Paul,MN,55103,,9/15/98,,1200,154763.88,30558,Education Minn PAC,pac,labor,3934330.44,TRUE,TRUE,30558,Education Minn PAC,1065266.21,27.07617538,2305417.37,14973.82,8201.28,135750,133350,2400,1689274,1649349,39925
30103,Elementary Principals Action Committee,,pac,,28125,28125.0,,28125.0,,23875.0,4250.0,,,,,,,30103,Elementary Principals Action Committee,Political Fund,St Paul,MN,55108,,10/16/75,,3206.37,10883.61,30103,Elementary Principals Action Committee,pac,,28125,FALSE,FALSE,30103,Elementary Principals Action Committee,,,,,,11750,10850,900,16375,13025,3350
40847,Emilys List - Minn,Emilys List MN,pac,,175788.42,167288.4,,175788.4,8500.0,167288.4,,,95025.1,,,,95025.1,40847,Emilys List - Minn,Political Committee,Washington,DC,20036,www.emilyslist.org,10/27/00,,961.14,,40847,Emilys List - Minn,pac,issue,175788.42,FALSE,TRUE,40847,Emilys List - Minn,,,75521.57,,,9320,9320,,157968.42,157968.42,
30163,Faegre Baker Daniels State-Reg Pol Fund (fka Faegre & Benson LLP),Faegre Baker Daniels,pac,lawyers,601637.5,573687.5,,601637.5,27950.0,311187.5,241500.0,,635907.9,,,,635907.9,30163,Faegre Baker Daniels State-Reg Pol Fund (fka Faegre & Benson LLP),Political Fund,Minneapolis,MN,55402-3901,PAC@FaegreBD.com,10/6/80,,6651.82,1300.5,30163,Faegre Baker Daniels State-Reg Pol Fund (fka Faegre & Benson LLP),pac,lawyers,601637.5,FALSE,TRUE,30163,Faegre Baker Daniels State-Reg Pol Fund (fka Faegre & Benson LLP),,,,,,109000,54050,33950,464687.5,257137.5,207550
40991,FEAPAC - MINN,FEAPAC,pac,,63302.5,60302.5,,63302.5,3000.0,25550.0,33052.5,,76967.5,,,,76967.5,40991,FEAPAC - MINN,Political Committee,Shorewood,MN,55331,,12/7/07,,0,21234.34,40991,FEAPAC - MINN,pac,biz,63302.5,FALSE,TRUE,40991,FEAPAC - MINN,,,,,,17240,5300,10240,43062.5,20250,22812.5
30619,Federal Express Minn State Fund,,pac,,16900,16400.0,,16900.0,500.0,300.0,16100.0,,2833.3,,,,2833.3,30619,Federal Express Minn State Fund,Political Fund,Memphis,TN,38120,,9/8/08,,,,30619,Federal Express Minn State Fund,pac,biz,16900,FALSE,TRUE,30619,Federal Express Minn State Fund,,,,,,1900,300,1600,14500,,14500
30016,Firefighters Assoc of Mpls Political Fund,Firefighters Mpls,pac,labor,17550,10550.0,,17550.0,7000.0,9550.0,1000.0,,73594.3,,,,73594.3,30016,Firefighters Assoc of Mpls Political Fund,Political Fund,Minneapolis,MN,55418,,7/7/74,,5541.44,54034.75,30016,Firefighters Assoc of Mpls Political Fund,pac,labor,17550,FALSE,TRUE,30016,Firefighters Assoc of Mpls Political Fund,,,,,,5300,5300,,5250,4250,1000
30315,Fond du Lac Committee of Political Ed,Fond du Lac,pac,indian,106600,106600.0,,106600.0,,62650.0,43950.0,,99550.0,,,,99550.0,30315,Fond du Lac Committee of Political Ed,Political Fund,Cloquet,MN,55720,,9/21/88,,5950,7312.66,30315,Fond du Lac Committee of Political Ed,pac,indian,106600,FALSE,FALSE,30315,Fond du Lac Committee of Political Ed,,,,,,10250,6800,3450,96350,55850,40500
40019,Food PAC of Minn,Food PAC,pac,,64275,64025.0,,64275.0,250.0,19250.0,44775.0,,77500.0,,,,77500.0,40019,Food PAC of Minn,Political Committee,St Paul,MN,55102,,9/24/74,,19171.51,47765.51,40019,Food PAC of Minn,pac,biz,64275,FALSE,TRUE,40019,Food PAC of Minn,,,,,,22500,5800,16700,41525,13450,28075
40742,Freedom Club State PAC,Freedom Club,pac,prorpm,2670407.37,2670407.4,1996367.4,674040.0,,,674040.0,,3196063.0,,,171463.0,3024600.0,40742,Freedom Club State PAC,Political Committee,Champlin,MN,55316,,11/2/95 11:36,,1564.29,2028.21,40742,Freedom Club State PAC,pac,prorpm,2670407.37,FALSE,FALSE,40742,Freedom Club State PAC,1996367.37,74.75890729,62966.08,2108068.65,,50940,,50940,623100,,623100
40295,Friends of DFL Women,Friends of DFL Women,pac,prodfl,80550,80050.0,,80550.0,500.0,80050.0,,,82020.0,47475.0,1020.0,,33525.0,40295,Friends of DFL Women,Political Committee,St Paul,MN,55104,,9/24/82,,1852.18,6345.04,40295,Friends of DFL Women,pac,prodfl,80550,TRUE,TRUE,40295,Friends of DFL Women,,,2500,,,50225,50225,,29825,29825,
40935,Friends of Minn Nurse Anesthetists,,pac,,20450,20450.0,,20450.0,,11600.0,6850.0,,28418.0,,,,28418.0,40935,Friends of Minn Nurse Anesthetists,Political Committee,Minneapolis,MN,55416,www.mnana.org,12/29/04,,4367.69,14756.52,40935,Friends of Minn Nurse Anesthetists,pac,,20450,FALSE,FALSE,40935,Friends of Minn Nurse Anesthetists,,,,,,7950,3600,2350,12500,8000,4500
30587,Goff Public PAC,Goff Public,pac,,50550,47550.0,,50550.0,3000.0,21550.0,26000.0,,55031.7,,,500.0,54531.7,30587,Goff Public PAC,Political Fund,St Paul,MN,55101,,8/16/04,,1583.18,1884.01,30587,Goff Public PAC,pac,biz,50550,FALSE,TRUE,30587,Goff Public PAC,,,,,,16600,6350,10250,30950,15200,15750
40970,Grand Portage PAC,Grand Portage,pac,,42650,42650.0,,42650.0,,41400.0,1250.0,,59055.0,,,,59055.0,40970,Grand Portage PAC,Political Committee,Grand Portage,MN,55605,www.grandportage.com,10/12/06,,7205.35,22760.35,40970,Grand Portage PAC,pac,indian,42650,FALSE,FALSE,40970,Grand Portage PAC,,,,,,6000,5500,500,36650,35900,750
40725,Gray Plant Mooty Mooty & Bennett Independent PAC,Gray Plant,pac,lawyers,11400,11300.0,,11400.0,100.0,6800.0,2250.0,,22817.8,,,,22817.8,40725,Gray Plant Mooty Mooty & Bennett Independent PAC,Political Committee,Minneapolis,MN,55402,,10/19/94 9:28,,53.3,14117.37,40725,Gray Plant Mooty Mooty & Bennett Independent PAC,pac,lawyers,11400,FALSE,TRUE,40725,Gray Plant Mooty Mooty & Bennett Independent PAC,,,,,,7800,3550,2000,3500,3250,250
40825,GREAT (Great River Energy Action Team-State),,pac,biz,60000,59500.0,,60000.0,500.0,37750.0,21750.0,,85645.5,,,,85645.5,40825,GREAT (Great River Energy Action Team-State),Political Committee,Wayzata,MN,55391,,12/30/99,,7252.56,29443.06,40825,GREAT (Great River Energy Action Team-State),pac,biz,60000,FALSE,TRUE,40825,GREAT (Great River Energy Action Team-State),,,,,,25200,15500,9700,34300,22250,12050
30634,Greater Minnesota Votes,Greater MN Votes,pac,ie,45921.19,45921.2,45921.2,,,,,,48100.0,46000.0,,,2100.0,30634,Greater Minnesota Votes,Independent Expenditure,Minneapolis,MN,55408,,10/1/10 10:00,12/31/11,,,30634,Greater Minnesota Votes,pac,,45921.19,TRUE,FALSE,30634,Greater Minnesota Votes,45921.19,100,43721.19,,2200,,,,,,
30337,Health Partners Civic Affairs Council,,pac,,14025,13775.0,,14025.0,250.0,5650.0,8125.0,,13008.3,,,,13008.3,30337,Health Partners Civic Affairs Council,Political Fund,St Paul,MN,55105,,12/5/90,,1613.4,1478.76,30337,Health Partners Civic Affairs Council,pac,biz,14025,FALSE,TRUE,30337,Health Partners Civic Affairs Council,,,,,,2600,1200,1400,11175,4450,6725
30218,Hospitality Political Action Committee,Hospitality PAC,pac,,82662,59162.0,,82662.0,23500.0,15012.0,44150.0,,206690.0,,,,206690.0,30218,Hospitality Political Action Committee,Political Fund,St Paul,MN,55117-2031,,7/3/74,,24778.29,4257.49,30218,Hospitality Political Action Committee,pac,biz,82662,FALSE,TRUE,30218,Hospitality Political Action Committee,,,,,,27400,4950,22450,31762,10062,21700
30635,Housing First,Housing First,pac,ie,72756.41,55256.4,55256.4,17500.0,17500.0,,,,86906.6,,,,86906.6,30635,Housing First,Independent Expenditure,Roseville,MN,55113,www.batconline.org,10/8/10 8:59,,,12070.39,30635,Housing First,pac,issue,72756.41,FALSE,TRUE,30635,Housing First,55256.41,75.94713648,1981.8,53274.61,,,,,,,
30631,HRC Equality Votes Minnesota,HRC Equality,pac,ie,130430.11,430.1,430.1,130000.0,130000.0,,,,131032.7,,,,131032.7,30631,HRC Equality Votes Minnesota,Independent Expenditure,Washington,DC,20036,www.hrc.org,9/10/10 14:56,12/31/10,,,30631,HRC Equality Votes Minnesota,pac,issue,130430.11,FALSE,TRUE,30631,HRC Equality Votes Minnesota,430.11,0.329762813,430.11,,,,,,,,
70041,HRC Minnesota PAC,HRC Minnesota,pac,issue,41034.42,40011.9,,41034.4,1022.6,40011.9,,,35110.0,5250.0,,,29860.0,70041,HRC Minnesota PAC,Political Committee,Washington,DC,20036,,8/10/06,10/22/12,10589.29,,70041,HRC Minnesota PAC,pac,issue,41034.42,TRUE,TRUE,70041,HRC Minnesota PAC,,,,,,658.04,658.04,,39353.83,39353.83,
30331,IBEW - COPE,IBEW COPE,pac,labor,93500,93500.0,,93500.0,,88500.0,,5000.0,444584.9,158193.0,,,286391.9,30331,IBEW - COPE,Political Fund,Washington,DC,20001,,10/29/90,,649034.04,2082993.64,30331,IBEW - COPE,pac,labor,93500,TRUE,FALSE,30331,IBEW - COPE,,,,,,7500,7500,,81000,81000,
30316,IBEW 110 PAC,IBEW 110 PAC,pac,labor,197183.72,113625.7,,197183.7,83558.0,111475.7,800.0,1350.0,,,,,,30316,IBEW 110 PAC,Political Fund,St Paul,MN,55106,,2/25/90,,15428.53,18042.68,30316,IBEW 110 PAC,pac,labor,197183.72,FALSE,TRUE,30316,IBEW 110 PAC,,,1355,,,19650,18850,800,92625.72,92625.72,
40094,IBEW Local #31 Volunteer COPE Fund,IBEW Local #31,pac,labor,60595,13980.0,,60595.0,46615.0,13980.0,,,28909.1,,,,28909.1,40094,IBEW Local #31 Volunteer COPE Fund,Political Committee,Duluth,MN,55812,,9/28/76,,11798.06,1425.43,40094,IBEW Local #31 Volunteer COPE Fund,pac,labor,60595,FALSE,TRUE,40094,IBEW Local #31 Volunteer COPE Fund,,,457.3,,,5250,5250,,8730,8730,
30119,IBEW Local 292 Political Education Fund,IBEW Local 292,pac,labor,477259.87,414159.9,1785.6,475474.3,63100.0,401874.3,500.0,10000.0,466208.4,,,,466208.4,30119,IBEW Local 292 Political Education Fund,Political Fund,Minneapolis,MN,55414,,7/16/74,,937.61,20325.33,30119,IBEW Local 292 Political Education Fund,pac,labor,477259.87,FALSE,TRUE,30119,IBEW Local 292 Political Education Fund,1785.59,0.374133698,2533.92,47.86,,50300,49800,500,352074.28,352074.28,
30236,IBEW Local 343 Political Education Fund (fka Electr Loc 343 IBEW Ed Fd),IBEW Local 343,pac,labor,51710.88,7850.0,,51710.9,43860.9,7850.0,,,36850.0,,,,36850.0,30236,IBEW Local 343 Political Education Fund (fka Electr Loc 343 IBEW Ed Fd),Political Fund,Rochester,MN,55904-8435,,4/17/84,,921,1439.64,30236,IBEW Local 343 Political Education Fund (fka Electr Loc 343 IBEW Ed Fd),pac,labor,51710.88,FALSE,TRUE,30236,IBEW Local 343 Political Education Fund (fka Electr Loc 343 IBEW Ed Fd),,,417.13,,,4200,4200,,3650,3650,
40404,IBEW Minn State Council PAC,IBEW,pac,labor,543906.39,280501.0,4176.0,539730.4,263405.4,276325.0,,,542125.0,,,,542125.0,40404,IBEW Minn State Council PAC,Political Committee,St Anthony Village,MN,55421-4352,,6/16/80,,2784.58,3161.48,40404,IBEW Minn State Council PAC,pac,labor,543906.39,FALSE,TRUE,40404,IBEW Minn State Council PAC,4176,0.767779176,4176,,,43775,43775,,232550,232550,
40056,IFAPAC Minn,IFAPAC,pac,,31750,31750.0,,31750.0,,9500.0,22250.0,,88489.9,,,,88489.9,40056,IFAPAC Minn,Political Committee,Minneapolis,MN,55422,,7/23/74,,14688,4856.52,40056,IFAPAC Minn,pac,,31750,FALSE,FALSE,40056,IFAPAC Minn,,,,,,27850,7250,20600,3900,2250,1650
30308,IFO Political Action Committee Fund (Inter Faculty Organization),Inter Faculty Org,pac,,153160.72,150460.7,1270.7,151890.0,2700.0,135740.0,13450.0,,163513.7,,,,163513.7,30308,IFO Political Action Committee Fund (Inter Faculty Organization),Political Fund,St Paul,MN,55103,,9/26/89,,1265.93,877.03,30308,IFO Political Action Committee Fund (Inter Faculty Organization),pac,labor,153160.72,FALSE,TRUE,30308,IFO Political Action Committee Fund (Inter Faculty Organization),1270.72,0.82966442,1627.42,15.58,,65000,55550,9450,84190,80190,4000
30629,Impact Minnesota Political Fund,Impact MN,pac,ie,192535.97,192536.0,192536.0,,,,,,190951.8,29500.0,,,161451.8,30629,Impact Minnesota Political Fund,Independent Expenditure,St Paul,MN,55114,,8/26/10 12:09,9/25/12,,0,30629,Impact Minnesota Political Fund,pac,prodfl,192535.97,TRUE,FALSE,30629,Impact Minnesota Political Fund,192535.97,100,192535.97,,,,,,,,
40248,Independent Community Bankers of Minn PAC,Ind Cmty Bankers,pac,biz,78855,78855.0,,78855.0,,22855.0,56000.0,,185640.4,,,,185640.4,40248,Independent Community Bankers of Minn PAC,Political Committee,St Paul,MN,55108,,9/10/75,,17567.16,46289.11,40248,Independent Community Bankers of Minn PAC,pac,biz,78855,FALSE,FALSE,40248,Independent Community Bankers of Minn PAC,,,,,,13700,4650,9050,65155,18205,46950
70014,Insurance Federation Political Action Comm,Insurance Fed,pac,biz,24175,11775.0,,24175.0,12400.0,3850.0,7925.0,,26200.3,2500.0,,,23700.3,70014,Insurance Federation Political Action Comm,Political Committee,Maple Grove,MN,55369-5611,,2/29/80,,614.56,2212.08,70014,Insurance Federation Political Action Comm,pac,biz,24175,TRUE,TRUE,70014,Insurance Federation Political Action Comm,,,,,,2175,650,1525,9600,3200,6400
30058,International Union of Operating Engineers,Intl Union Op Engineers,pac,labor,615642.78,499125.3,6049.4,609593.3,116517.5,486725.9,5850.0,500.0,148780.5,7816.2,250.0,,140714.3,30058,International Union of Operating Engineers,Political Fund,Minneapolis,MN,55418,,10/4/74,,10961.34,12180.85,30058,International Union of Operating Engineers,pac,labor,615642.78,TRUE,TRUE,30058,International Union of Operating Engineers,6049.44,0.982621773,6049.44,,,53675,50725,2950,438900.88,436000.88,2900
30092,Iron Workers Local 512,Iron Workers Local 512,pac,labor,108014,98600.0,,108014.0,9414.0,98600.0,,,45000.0,,,,45000.0,30092,Iron Workers Local 512,Political Fund,St Paul,MN,55104-1634,,11/25/74,,17443.49,329.49,30092,Iron Workers Local 512,pac,labor,108014,FALSE,TRUE,30092,Iron Workers Local 512,,,,,,10300,10300,,88300,88300,
30611,IUPAT Political Action Together Pol Committee,IUPAT,pac,labor,146201,118950.0,,146201.0,27251.0,118950.0,,,1092679.8,,,,1092679.8,30611,IUPAT Political Action Together Pol Committee,Political Fund,Hanover,MD,21076,,7/25/06,,1205122.55,983110.06,30611,IUPAT Political Action Together Pol Committee,pac,labor,146201,FALSE,TRUE,30611,IUPAT Political Action Together Pol Committee,,,,,,11800,11800,,107150,107150,
30013,Joint Council 32 DRIVE,Joint Council 32 DRIVE,pac,labor,216610,156910.0,,216610.0,59700.0,155610.0,1100.0,,1458592.7,447031.5,,,1011561.2,30013,Joint Council 32 DRIVE,Political Fund,Minneapolis,MN,55414,,7/7/74,,37259.19,51506.3,30013,Joint Council 32 DRIVE,pac,labor,216610,TRUE,TRUE,30013,Joint Council 32 DRIVE,,,,,,34600,33300,1100,122310,122310,
40712,Laborers District Council of Minn & ND Pol Fund,Laborers District Council,pac,labor,1825250,1382850.0,,1825250.0,442400.0,1330900.0,1250.0,50000.0,1916596.3,1978.1,,,1914618.2,40712,Laborers District Council of Minn & ND Pol Fund,Political Fund,St Paul,MN,55117,,6/28/94,,3170.14,22757.14,40712,Laborers District Council of Minn & ND Pol Fund,pac,labor,1825250,TRUE,TRUE,40712,Laborers District Council of Minn & ND Pol Fund,,,,,,58200,56250,1250,1274650,1274650,
30624,Larkin Hoffman Political Fund,Larkin Hoffman,pac,,19250,19250.0,,19250.0,,10250.0,9000.0,,23975.9,,,,23975.9,30624,Larkin Hoffman Political Fund,Political Fund,Bloomington,MN,55431,,12/10/09 10:49,,,4876.85,30624,Larkin Hoffman Political Fund,pac,lawyers,19250,FALSE,FALSE,30624,Larkin Hoffman Political Fund,,,,,,1000,1000,,18250,9250,9000
40996,Leaders Aligned for Health Care,,pac,,13750,12675.0,,13750.0,1075.0,8700.0,2975.0,,14400.0,,,,14400.0,40996,Leaders Aligned for Health Care,Political Committee,St Louis Park,MN,55426,,4/18/08,5/15/12,,5,40996,Leaders Aligned for Health Care,pac,,13750,FALSE,TRUE,40996,Leaders Aligned for Health Care,,,,,,2700,1500,200,9975,7200,2775
40889,Leech Lake PAC,Leech Lake,pac,indian,45621.78,45121.8,,45621.8,500.0,41321.8,3800.0,,58400.0,,500.0,,57900.0,40889,Leech Lake PAC,Political Committee,Cass Lake,MN,56633,,8/29/02,,1912.15,2185.65,40889,Leech Lake PAC,pac,indian,45621.78,FALSE,TRUE,40889,Leech Lake PAC,,,,,,6362.5,6062.5,300,38759.28,35259.28,3500
30242,Leonard Street and Deinard PAC,Leonard Street & Deinard,pac,lawyers,134450,119750.0,,134450.0,14700.0,69625.0,49125.0,,161930.0,,,,161930.0,30242,Leonard Street and Deinard PAC,Political Fund,Minneapolis,MN,55402,,2/11/90,,2014.09,5153.21,30242,Leonard Street and Deinard PAC,pac,lawyers,134450,FALSE,TRUE,30242,Leonard Street and Deinard PAC,,,,,,30175,18075,11100,89575,51550,38025
40105,Lindquist & Vennum Political Fund,Lindquist & Vennum,pac,lawyers,20820,19970.0,,20820.0,850.0,9620.0,8650.0,,41825.0,,,,41825.0,40105,Lindquist & Vennum Political Fund,Political Committee,Minneapolis,MN,55402,,6/4/79,,9988.21,18414.54,40105,Lindquist & Vennum Political Fund,pac,lawyers,20820,FALSE,TRUE,40105,Lindquist & Vennum Political Fund,,,,,,9750,4950,3100,10220,4670,5550
30064,Local 28 Political Fund,Local 28,pac,labor,83500,60800.0,,83500.0,22700.0,60800.0,,,25829.0,,,,25829.0,30064,Local 28 Political Fund,Political Fund,St Paul,MN,55102,,10/15/74,,12144.47,7884.89,30064,Local 28 Political Fund,pac,labor,83500,FALSE,TRUE,30064,Local 28 Political Fund,,,,,,450,450,,60350,60350,
30022,Local 59 Political Fund,Local 59,pac,labor,178630,161700.0,,178630.0,16930.0,159600.0,1600.0,500.0,213374.2,,,,213374.2,30022,Local 59 Political Fund,Political Fund,Minneapolis,MN,55413,,1/1/90,,9263.55,61674.47,30022,Local 59 Political Fund,pac,labor,178630,FALSE,TRUE,30022,Local 59 Political Fund,,,,,,42900,42400,500,118300,117200,1100
40820,Local 851 Political Action Committee,Local 851,pac,labor,22864.6,10500.0,,22864.6,12364.6,10500.0,,,11410.8,,,,11410.8,40820,Local 851 Political Action Committee,Political Fund,Anoka,MN,55303,,6/14/99,11/16/11,3995.6,,40820,Local 851 Political Action Committee,pac,labor,22864.6,FALSE,TRUE,40820,Local 851 Political Action Committee,,,,,,10000,10000,,500,500,
40837,Local Action Political Action Committee,,pac,labor,29591.26,29591.3,29591.3,,,,,,29855.3,29855.3,,,,40837,Local Action Political Action Committee,Political Committee,West St Paul,MN,55118,,8/17/00,,270.93,436.25,40837,Local Action Political Action Committee,pac,labor,29591.26,TRUE,FALSE,40837,Local Action Political Action Committee,29591.26,100,2997.47,29591.26,,,,,,,
30230,Lockridge Grindal Nauen PLLP State Pol Fnd,Lockridge Grindal Nauen,pac,lawyers,502285.58,498285.6,,502285.6,4000.0,302640.9,167584.3,28060.3,553870.0,,,250.0,553620.0,30230,Lockridge Grindal Nauen PLLP State Pol Fnd,Political Fund,Minneapolis,MN,55401,,1/1/90,,857.89,2086.97,30230,Lockridge Grindal Nauen PLLP State Pol Fnd,pac,lawyers,502285.58,FALSE,TRUE,30230,Lockridge Grindal Nauen PLLP State Pol Fnd,,,,,,38911.84,25272.46,13639.38,431313.41,277368.45,153944.96
30327,Lower Sioux Political Education Fund,,pac,indian,43374,43374.0,,43374.0,,36374.0,7000.0,,35070.0,,,,35070.0,30327,Lower Sioux Political Education Fund,Political Fund,Morton,MN,56270,,8/31/90,,801.36,800.12,30327,Lower Sioux Political Education Fund,pac,indian,43374,FALSE,FALSE,30327,Lower Sioux Political Education Fund,,,,,,5200,3700,1500,38174,32674,5500
70010,MABC PAC,MABC,pac,,47535.88,35035.9,10000.0,37535.9,12500.0,,25035.9,,45565.0,,,,45565.0,70010,MABC PAC,Political Committee,Eden Prairie,MN,55344,,11/21/86,,235.4,405.89,70010,MABC PAC,pac,,47535.88,FALSE,TRUE,70010,MABC PAC,10000,21.03674109,,10000,,16220.88,,16220.88,8815,,8815
30293,MAFMIC Political Action Committee,,pac,,75310,75310.0,,75310.0,,15275.0,59835.0,,35120.0,,,,35120.0,30293,MAFMIC Political Action Committee,Political Fund,St Joseph,MN,56374,,7/22/88,,4325.81,5009.39,30293,MAFMIC Political Action Committee,pac,biz,75310,FALSE,FALSE,30293,MAFMIC Political Action Committee,,,,,,42360,7900,34260,32950,7375,25575
30348,Mah Mah Wi No Min Fund I,Mah Mah Wi No Min,pac,indian,917062.28,906462.3,2602.3,914460.0,10600.0,818610.0,85250.0,,993750.0,,,,993750.0,30348,Mah Mah Wi No Min Fund I,Political Fund,Minneapolis,MN,55401,,11/2/92,,7837.66,12824.96,30348,Mah Mah Wi No Min Fund I,pac,indian,917062.28,FALSE,TRUE,30348,Mah Mah Wi No Min Fund I,2602.28,0.283762625,23547.04,,,53450,43200,10250,850410,775410,75000
30270,MAPE-PAC,MAPE1,pac,labor,415352.7,361585.0,3585.0,411767.7,53767.7,357750.0,250.0,,119398.0,1500.0,,,117898.0,30270,MAPE-PAC,Political Committee,Shoreview,MN,55126,,12/30/85,,8773.68,40082.86,30270,MAPE-PAC,pac,labor,415352.7,TRUE,TRUE,30270,MAPE-PAC,3584.96,0.863112242,3584.96,,,52650,52400,250,305350,305350,
30190,MCCL State Pac,MCCL,pac,issue,65999.53,65999.5,60057.5,5942.1,,,5942.1,,45404.1,,,,45404.1,30190,MCCL State Pac,Political Fund,Minneapolis,MN,55409,,7/26/82,,5989.87,19346.43,30190,MCCL State Pac,pac,issue,65999.53,FALSE,FALSE,30190,MCCL State Pac,60057.47,90.99681467,52215.38,360548.89,11939.15,3911.13,,3911.13,2030.93,,2030.93
40036,MEDPAC Minn Medical Political Action Comm,MEDPAC,pac,biz,102130,102130.0,4880.0,97250.0,,55750.0,41500.0,,262126.6,,,,262126.6,40036,MEDPAC Minn Medical Political Action Comm,Political Committee,Minneapolis,MN,55413,,7/5/74,,14244.5,19357.81,40036,MEDPAC Minn Medical Political Action Comm,pac,biz,102130,FALSE,FALSE,40036,MEDPAC Minn Medical Political Action Comm,4880,4.778223832,,2675.02,6040.78,50250,30250,20000,47000,25500,21500
40786,Messerli & Kramer Political Action Comm,Messerli & Kramer,pac,lawyers,118560,115460.0,,118560.0,3100.0,71010.0,44450.0,,153700.0,,,,153700.0,40786,Messerli & Kramer Political Action Comm,Political Committee,St Paul,MN,55104,,6/4/98,,503.91,2185.46,40786,Messerli & Kramer Political Action Comm,pac,lawyers,118560,FALSE,TRUE,40786,Messerli & Kramer Political Action Comm,,,,,,15950,11050,4900,99510,59960,39550
41077,Michele PAC Minnesota,Michele PAC,pac,,20500,20500.0,,20500.0,,,20500.0,,21000.0,,,,21000.0,41077,Michele PAC Minnesota,Political Committee,Woodbury,WI,55125,,5/16/12 15:15,,,6896.19,41077,Michele PAC Minnesota,pac,prorpm,20500,FALSE,FALSE,41077,Michele PAC Minnesota,,,,,,15500,,15500,5000,,5000
40950,Midwest Values PAC - MN,,pac,,19675,19675.0,,19675.0,,19675.0,,,,,,,,40950,Midwest Values PAC - MN,Political Committee,Minneapolis,MN,55458,,2/1/06,2/1/07,4675,,40950,Midwest Values PAC - MN,pac,prodfl,19675,FALSE,FALSE,40950,Midwest Values PAC - MN,,,,,,,,,19675,19675,
30025,Minn AFL-CIO,MN AFL-CIO,pac,labor,770729.54,562956.8,265081.8,505647.7,207772.7,277875.0,,20000.0,1319325.6,734603.7,300.0,,584421.8,30025,Minn AFL-CIO,Political Fund,St Paul,MN,55103,,7/24/74,,10153.22,4567.55,30025,Minn AFL-CIO,pac,labor,770729.54,TRUE,TRUE,30025,Minn AFL-CIO,265081.8,34.3936214,381236.88,1902.96,11959.05,28650,28650,,249225,249225,
40201,Minn AGPAC,,pac,,23899.7,21899.7,,23899.7,2000.0,9949.7,11950.0,,7875.0,,,,7875.0,40201,Minn AGPAC,Political Committee,St Paul,MN,55102-1130,,8/12/80,,2739.62,2803.17,40201,Minn AGPAC,pac,biz,23899.7,FALSE,TRUE,40201,Minn AGPAC,,,,,,11899.7,5149.7,6750,10000,4800,5200
80026,Minn Assoc of Professional Employees Political Fund,MAPE2,pac,labor,434944.88,216984.9,33984.9,400960.0,217960.0,143000.0,,40000.0,294066.5,,,,294066.5,80026,Minn Assoc of Professional Employees Political Fund,Political Fund,Shoreview,MN,55126,,3/24/10 16:00,,,26013.66,80026,Minn Assoc of Professional Employees Political Fund,pac,labor,434944.88,FALSE,TRUE,80026,Minn Assoc of Professional Employees Political Fund,33984.88,7.813606175,33984.88,,,500,500,,142500,142500,
40751,Minn Bank State PAC,MN Bank,pac,biz,136300,105300.0,,136300.0,31000.0,32350.0,72950.0,,110220.0,,,,110220.0,40751,Minn Bank State PAC,Political Committee,St Paul,MN,55103,,5/28/96 10:20,,8099.93,7419.26,40751,Minn Bank State PAC,pac,biz,136300,FALSE,TRUE,40751,Minn Bank State PAC,,,,,,20450,6300,14150,84850,26050,58800
70004,Minn Business Partnership PAC,MN Bus Partnership,pac,biz,674392.61,349392.6,168192.6,506200.0,325000.0,2250.0,178950.0,,722245.0,25000.0,,10000.0,687245.0,70004,Minn Business Partnership PAC,Political Committee,Minneapolis,MN,55402,,7/27/92,,16212.83,34428.95,70004,Minn Business Partnership PAC,pac,biz,674392.61,TRUE,TRUE,70004,Minn Business Partnership PAC,168192.61,24.93986552,4755.6,382637.2,,24250,500,23750,156950,1750,155200
30127,Minn Cable Comm Assoc - PAC,MN Cable Comm,pac,,52745,52745.0,,52745.0,,26995.0,25750.0,,52725.0,,,,52725.0,30127,Minn Cable Comm Assoc - PAC,Political Fund,St Paul,MN,55104,,11/18/76,,1030.12,831.17,30127,Minn Cable Comm Assoc - PAC,pac,biz,52745,FALSE,FALSE,30127,Minn Cable Comm Assoc - PAC,,,,,,6400,4050,2350,46345,22945,23400
70001,Minn Chamber of Commerce Leadership Fd,MN Chamber,pac,biz,580723.57,223523.6,110173.6,470550.0,357200.0,1450.0,111900.0,,859960.0,47279.2,,,812680.8,70001,Minn Chamber of Commerce Leadership Fd,Political Committee,St Paul,MN,55101,,1/14/83,,3612.32,1363.33,70001,Minn Chamber of Commerce Leadership Fd,pac,biz,580723.57,TRUE,TRUE,70001,Minn Chamber of Commerce Leadership Fd,110173.57,18.97177516,15693.39,217377.25,,2000,500,1500,111350,950,110400
30111,Minn Chiropractic Political Action Comm,MN Chiropractic,pac,biz,62212.5,61712.5,,62212.5,500.0,40562.5,21150.0,,82219.0,,,,82219.0,30111,Minn Chiropractic Political Action Comm,Political Fund,Bloomington,MN,55431,,5/11/76,,1795.26,21084.64,30111,Minn Chiropractic Political Action Comm,pac,biz,62212.5,FALSE,TRUE,30111,Minn Chiropractic Political Action Comm,,,,,,12250,10000,2250,49462.5,30562.5,18900
70005,Minn CPAs Public Affairs Committee,MN CPAs,pac,biz,187150,187150.0,,187150.0,,91400.0,95750.0,,284406.4,17177.8,,,267228.6,70005,Minn CPAs Public Affairs Committee,Political Committee,Bloomington,MN,55431,,1/1/90,,42870.29,149392.45,70005,Minn CPAs Public Affairs Committee,pac,biz,187150,TRUE,FALSE,70005,Minn CPAs Public Affairs Committee,,,,,,22650,10400,12250,164500,81000,83500
30018,Minn Dental Political Action Committee,MN Dental,pac,,166400.5,162900.5,,166400.5,3500.0,78475.5,84425.0,,9198.0,,,,9198.0,30018,Minn Dental Political Action Committee,Political Fund,Minneapolis,MN,55408-1802,,7/7/74,,47466.19,19453.12,30018,Minn Dental Political Action Committee,pac,biz,166400.5,FALSE,TRUE,30018,Minn Dental Political Action Committee,,,,,,75380.5,38405.5,36975,87520,40070,47450
80001,Minn Eye PAC,MN Eye,pac,biz,36920,36920.0,,36920.0,,20020.0,16650.0,,29131.3,,,150.0,28981.3,80001,Minn Eye PAC,Political Fund,Lake Elmo,MN,55042,,10/28/85,,13257.94,7169.93,80001,Minn Eye PAC,pac,biz,36920,FALSE,FALSE,80001,Minn Eye PAC,,,,,,4420,2520,1650,32500,17500,15000
40543,Minn Farmers Union PAC,MN Farmers Union,pac,biz,31925,31925.0,,31925.0,,29400.0,2525.0,,17742.0,,,,17742.0,40543,Minn Farmers Union PAC,Political Committee,St Paul,MN,55113-0007,,11/14/88,,7787.76,11475.72,40543,Minn Farmers Union PAC,pac,biz,31925,FALSE,FALSE,40543,Minn Farmers Union PAC,,,,,,14500,14375,125,17425,15025,2400
40714,Minn Hospital PAC,MN Hospital,pac,biz,225832.58,221932.6,12932.6,212900.0,3900.0,121900.0,87100.0,,212533.0,15825.0,,,196708.0,40714,Minn Hospital PAC,Political Committee,Minneapolis,MN,55414,,7/15/94,,19700.89,12676.46,40714,Minn Hospital PAC,pac,biz,225832.58,TRUE,TRUE,40714,Minn Hospital PAC,12932.58,5.726622793,2932.58,8042.35,10000,37150,23000,14150,171850,98900,72950
40666,Minn Manufactured Home PAC,MN Manufactured Home,pac,,57120,56920.0,,57120.0,200.0,28720.0,28200.0,,59027.0,,,,59027.0,40666,Minn Manufactured Home PAC,Political Committee,W St Paul,MN,55118-3481,,12/7/77,,4701.67,2651.03,40666,Minn Manufactured Home PAC,pac,biz,57120,FALSE,TRUE,40666,Minn Manufactured Home PAC,,,,,,16800,6350,10450,40120,22370,17750
30245,Minn Nurses Assn Pol Comm (MNA-PC),MN Nurses,pac,labor,862543.98,626939.4,287722.6,574821.4,235604.6,277516.8,1700.0,60000.0,743710.7,,,,743710.7,30245,Minn Nurses Assn Pol Comm (MNA-PC),Political Fund,St Paul,MN,55102,,1/1/90,,1177,545.25,30245,Minn Nurses Assn Pol Comm (MNA-PC),pac,labor,862543.98,FALSE,TRUE,30245,Minn Nurses Assn Pol Comm (MNA-PC),287722.6,33.35744109,299597.77,19271.31,51788,41372.75,40672.75,700,237844,236844,1000
40562,Minn Physical Therapy PAC,MN Physical Therapy,pac,,43300,43300.0,,43300.0,,29800.0,13500.0,,21776.1,,,,21776.1,40562,Minn Physical Therapy PAC,Political Committee,St Paul,MN,55114,,5/5/82,,8637.52,1833.76,40562,Minn Physical Therapy PAC,pac,biz,43300,FALSE,FALSE,40562,Minn Physical Therapy PAC,,,,,,20050,15300,4750,23250,14500,8750
30599,Minn Pipe Trades Assn PAC Fund,MN Pipe Trades,pac,labor,76708.66,72007.3,,76708.7,4701.4,60757.3,11250.0,,69877.6,14568.4,,,55309.1,30599,Minn Pipe Trades Assn PAC Fund,Political Fund,Duluth,MN,55811,www.mnpipetrades.com,1/5/06,,406.93,1132.12,30599,Minn Pipe Trades Assn PAC Fund,pac,labor,76708.66,TRUE,TRUE,30599,Minn Pipe Trades Assn PAC Fund,,,,,,22650,21650,1000,49357.31,39107.31,10250
30288,Minn Police & Peace Officers Assoc Leg Fund,MN Police Officers,pac,labor,46535.25,46085.3,4685.3,41850.0,450.0,30550.0,10850.0,,107080.0,40000.0,,,67080.0,30288,Minn Police & Peace Officers Assoc Leg Fund,Political Fund,St Paul,MN,55130-4039,,1/8/78,,35234.46,63836.44,30288,Minn Police & Peace Officers Assoc Leg Fund,pac,labor,46535.25,TRUE,TRUE,30288,Minn Police & Peace Officers Assoc Leg Fund,4685.25,10.06817413,4685.25,,,37000,26650,10350,4400,3900,500
40789,Minn Power PAC,MN Power,pac,,58780,54630.0,,58780.0,4150.0,29255.0,25375.0,,80492.0,,,,80492.0,40789,Minn Power PAC,Political Committee,Duluth,MN,55812,,7/8/98,,19684.9,26447.98,40789,Minn Power PAC,pac,biz,58780,FALSE,TRUE,40789,Minn Power PAC,,,,,,16550,11250,5300,38080,18005,20075
30098,Minn Professional Fire Fighters PAC,MN Prof Fire Fighters,pac,labor,58176.67,51976.7,,58176.7,6200.0,41026.7,10950.0,,68533.2,,,,68533.2,30098,Minn Professional Fire Fighters PAC,Political Fund,St Louis Park,MN,55426-1338,,8/19/74,,1123.69,16421.84,30098,Minn Professional Fire Fighters PAC,pac,labor,58176.67,FALSE,TRUE,30098,Minn Professional Fire Fighters PAC,,,,3029.25,,21026.67,17776.67,3250,30950,23250,7700
70006,Minn Realtors Political Action Committee,MN Realtors,pac,biz,380495.43,379995.4,13945.4,366550.0,500.0,181050.0,185000.0,,325044.3,,,,325044.3,70006,Minn Realtors Political Action Committee,Political Committee,Edina,MN,55436,www.mnrealtor.com,10/8/74,,253503.69,285252.74,70006,Minn Realtors Political Action Committee,pac,biz,380495.43,FALSE,TRUE,70006,Minn Realtors Political Action Committee,13945.43,3.665071615,25023.42,185152.57,15721.74,37350,14750,22600,328700,166300,162400
30591,Minn Seasonal Recreational Property Owners PAC,,pac,,37806.79,36806.8,1256.8,36550.0,1000.0,25950.0,9600.0,,250.0,,,,250.0,30591,Minn Seasonal Recreational Property Owners PAC,Political Fund,Mendota,MN,55150,,12/16/04,,3829.37,3291.42,30591,Minn Seasonal Recreational Property Owners PAC,pac,biz,37806.79,FALSE,TRUE,30591,Minn Seasonal Recreational Property Owners PAC,1256.79,3.324244137,620.71,636.08,,11350,9000,2350,24200,16950,7250
40123,Minn Service Station Assoc,,pac,,10700,10450.0,,10700.0,250.0,5900.0,4550.0,,9608.6,,300.0,,9308.6,40123,Minn Service Station Assoc,Political Committee,Little Canada,MN,55117,,4/28/78,,4806.75,5703.12,40123,Minn Service Station Assoc,pac,biz,10700,FALSE,TRUE,40123,Minn Service Station Assoc,,,,,,5900,2500,3400,4550,3400,1150
70022,Minn Soybean PAC,MN Soybean,pac,biz,53325,53325.0,,53325.0,,22150.0,31175.0,,24726.0,,,,24726.0,70022,Minn Soybean PAC,Political Committee,Mankato,MN,56001,,9/29/00,,3196.39,938.56,70022,Minn Soybean PAC,pac,biz,53325,FALSE,FALSE,70022,Minn Soybean PAC,,,,,,27825,12650,15175,25500,9500,16000
30060,Minn State Council of UNITE HERE Unions,UNITE HERE,pac,labor,256553.59,215850.0,,256553.6,40703.6,212850.0,,3000.0,188900.0,37500.0,,,151400.0,30060,Minn State Council of UNITE HERE Unions,Political Fund,Minneapolis,MN,55414,,10/8/74,,4254.55,254.55,30060,Minn State Council of UNITE HERE Unions,pac,labor,256553.59,TRUE,TRUE,30060,Minn State Council of UNITE HERE Unions,,,,,,15100,15100,,197750,197750,
30115,Minn State MNPL,,pac,,31500,20500.0,,31500.0,11000.0,20000.0,,500.0,1400.0,,,,1400.0,30115,Minn State MNPL,Political Fund,Vadnais Heights,MN,55127,,9/7/76,,4037.66,749.51,30115,Minn State MNPL,pac,,31500,FALSE,TRUE,30115,Minn State MNPL,,,,,,4500,4500,,15500,15500,
30002,Minn State Patrol Troopers Assoc,,pac,,29900,29900.0,,29900.0,,21400.0,8500.0,,12000.0,,,,12000.0,30002,Minn State Patrol Troopers Assoc,Political Fund,Brooklyn Park,MN,55445,,2/10/77,,16191.34,6519.98,30002,Minn State Patrol Troopers Assoc,pac,labor,29900,FALSE,FALSE,30002,Minn State Patrol Troopers Assoc,,,,,,5350,4350,1000,24550,17050,7500
40756,Minn TruckPAC (fka Minn Trucking Assn State PAC),MN Truck,pac,biz,151300.88,121050.9,24725.9,126575.0,30250.0,35900.0,60425.0,,174228.0,,,,174228.0,40756,Minn TruckPAC (fka Minn Trucking Assn State PAC),Political Committee,Roseville,MN,55113,,7/15/96,,1391.24,236.51,40756,Minn TruckPAC (fka Minn Trucking Assn State PAC),pac,biz,151300.88,FALSE,TRUE,40756,Minn TruckPAC (fka Minn Trucking Assn State PAC),24725.88,16.3421918,7393.68,17332.2,,41350,13650,27700,54975,22250,32725
30012,Minneapolis Bldg & Construct Trades Council,Mpls Bldg & Const Trades,pac,labor,46548.8,45548.8,,46548.8,1000.0,44248.8,1300.0,,1500.0,1500.0,,,,30012,Minneapolis Bldg & Construct Trades Council,Political Fund,Minneapolis,MN,55414,,7/16/74,,-1.7,1259.65,30012,Minneapolis Bldg & Construct Trades Council,pac,labor,46548.8,TRUE,TRUE,30012,Minneapolis Bldg & Construct Trades Council,,,,,,19748.8,18998.8,750,25800,25250,550
40254,Minneapolis Fire Department Pensioners PCF,,pac,labor,28950,25950.0,,28950.0,3000.0,19800.0,6150.0,,,,,,,40254,Minneapolis Fire Department Pensioners PCF,Political Committee,Minneapolis,MN,55413-1830,,1/29/82,12/31/11,3190.2,,40254,Minneapolis Fire Department Pensioners PCF,pac,labor,28950,FALSE,TRUE,40254,Minneapolis Fire Department Pensioners PCF,,,,,,11250,9050,2200,14700,10750,3950
30031,Minneapolis Firefighters Fraternal Assn (fka Relief Assn Pol Fund),Mpls Firefighters,pac,labor,221862.21,215862.2,3607.2,218255.0,6000.0,140705.0,71550.0,,21250.0,,,,21250.0,30031,Minneapolis Firefighters Fraternal Assn (fka Relief Assn Pol Fund),Political Fund,Fridley,MN,55432,,8/19/74,,5437.65,576.13,30031,Minneapolis Firefighters Fraternal Assn (fka Relief Assn Pol Fund),pac,labor,221862.21,FALSE,TRUE,30031,Minneapolis Firefighters Fraternal Assn (fka Relief Assn Pol Fund),3607.21,1.625878513,160.5,3607.21,,57700,38150,19550,154555,102555,52000
30007,Minneapolis Municipal Retirement Assoc,Mpls Mun Retirement,pac,,187000,185500.0,,187000.0,1500.0,121500.0,64000.0,,,,,,,30007,Minneapolis Municipal Retirement Assoc,Political Fund,Minneapolis,MN,55414-1053,,11/30/78,,92.6,999.01,30007,Minneapolis Municipal Retirement Assoc,pac,labor,187000,FALSE,TRUE,30007,Minneapolis Municipal Retirement Assoc,,,,,,33450,23250,10200,152050,98250,53800
80029,Minneapolis Police Fraternal Association,,pac,labor,12050,12050.0,,12050.0,,8600.0,3450.0,,31142.2,,,,31142.2,80029,Minneapolis Police Fraternal Association,Political Fund,St Paul,MN,55101,,12/23/11 13:59,,,10191.85,80029,Minneapolis Police Fraternal Association,pac,labor,12050,FALSE,FALSE,80029,Minneapolis Police Fraternal Association,,,,,,6100,5650,450,5950,2950,3000
30128,Minneapolis Police Relief Assoc,Mpls Police Relief,pac,labor,68856.59,67356.6,3606.6,65250.0,1500.0,44450.0,19300.0,,47888.0,,,,47888.0,30128,Minneapolis Police Relief Assoc,Political Fund,Minneapolis,MN,55413,,5/9/77,12/31/11,18653.67,,30128,Minneapolis Police Relief Assoc,pac,labor,68856.59,FALSE,TRUE,30128,Minneapolis Police Relief Assoc,3606.59,5.237828362,,3606.59,,24375,22425,1950,39375,22025,17350
30011,Minneapolis Regional Labor Federation,Mpls Reg Labor,pac,labor,343185.3,328685.3,32013.3,311172.0,14500.0,285622.0,800.0,10250.0,590589.4,126956.0,8572.0,,455061.4,30011,Minneapolis Regional Labor Federation,Political Fund,Minneapolis,MN,55414,,7/3/74,,7995.88,22779.52,30011,Minneapolis Regional Labor Federation,pac,labor,343185.3,TRUE,TRUE,30011,Minneapolis Regional Labor Federation,32013.3,9.328284166,69927,6724.2,,13100,12600,500,273322,273022,300
30123,Minneapolis Retired Police Assoc Political Fund,Mpls Retired Police,pac,labor,53975,53725.0,,53975.0,250.0,36375.0,17350.0,,40000.0,,,,40000.0,30123,Minneapolis Retired Police Assoc Political Fund,Political Fund,Minneapolis,MN,55403,,9/7/76,6/19/12,2361.17,0,30123,Minneapolis Retired Police Assoc Political Fund,pac,labor,53975,FALSE,TRUE,30123,Minneapolis Retired Police Assoc Political Fund,,,,,,23325,21375,1950,30400,15000,15400
30632,Minnesota - America Votes,MN-America Votes,pac,ie,109432.93,109432.9,109432.9,,,,,,186984.7,,,,186984.7,30632,Minnesota - America Votes,Independent Expenditure,Washington,DC,20036,,9/20/10 11:30,,,0,30632,Minnesota - America Votes,pac,prodfl,109432.93,FALSE,FALSE,30632,Minnesota - America Votes,109432.93,100,109432.93,,,,,,,,
41051,Minnesota Future LLC,MN Future LLC,pac,ie,1346396.63,116492.0,116492.0,1229904.6,1229904.6,,,,2329000.0,5000.0,,,2324000.0,41051,Minnesota Future LLC,Independent Expenditure,St Paul,MN,55128,,10/21/10 8:16,1/31/11,,,41051,Minnesota Future LLC,pac,prorpm,1346396.63,TRUE,TRUE,41051,Minnesota Future LLC,116492,8.652131017,,116492,,,,,,,
70051,Minnesotans for Racino PAC,Minnesotans for Racino,pac,,38625,38625.0,,38625.0,,4025.0,34600.0,,38450.0,,,,38450.0,70051,Minnesotans for Racino PAC,Political Committee,Mound,MN,55364,,6/21/10 12:21,6/15/12,,29.46,70051,Minnesotans for Racino PAC,pac,biz,38625,FALSE,FALSE,70051,Minnesotans for Racino PAC,,,,,,15475,2400,13075,23150,1625,21525
40989,Minnesota's Future,Minnesota's Future,pac,ie,2575655.13,2570655.1,2570655.1,5000.0,5000.0,,,,3455409.5,1352167.5,,263242.0,1840000.0,40989,Minnesota's Future,Independent Expenditure,St Paul,MN,55101,,11/27/07,,0,13036.55,40989,Minnesota's Future,pac,prorpm,2575655.13,TRUE,TRUE,40989,Minnesota's Future,2570655.13,99.80587463,14511.64,2376693.92,179449.57,,,,,,
70016,MN Corn State PAC (fka MN Corn),MN Corn,pac,biz,26720,26220.0,,26720.0,500.0,12020.0,14200.0,,20086.0,,,,20086.0,70016,MN Corn State PAC (fka MN Corn),Political Committee,Shakopee,MN,55379,,1/14/99,,8868.5,8374,70016,MN Corn State PAC (fka MN Corn),pac,biz,26720,FALSE,TRUE,70016,MN Corn State PAC (fka MN Corn),,,,,,12670,6720,5950,13550,5300,8250
41035,MN FORWARD,MN FORWARD,pac,ie,1413096.34,1413096.3,1413096.3,,,,,,1841729.8,101000.0,,,1740729.8,41035,MN FORWARD,Independent Expenditure,Minneapolis,MN,55402,,6/29/10 16:09,,,114129.87,41035,MN FORWARD,pac,prorpm,1413096.34,TRUE,FALSE,41035,MN FORWARD,1413096.34,100,12206.08,1400890.26,,,,,,,
70050,MN HomeCare PAC,,pac,,10600,10600.0,,10600.0,,7100.0,3500.0,,16978.8,,,,16978.8,70050,MN HomeCare PAC,Political Committee,St Paul,MN,55113,,5/27/10 15:06,,,5758.33,70050,MN HomeCare PAC,pac,biz,10600,FALSE,FALSE,70050,MN HomeCare PAC,,,,,,2000,1750,250,8600,5350,3250
30195,MN Retailers IMPACT (fka Mn Retail Pol Advocacy Fd),MN Retailers,pac,biz,41075,15075.0,,41075.0,26000.0,4550.0,10525.0,,30896.4,450.0,,,30446.4,30195,MN Retailers IMPACT (fka Mn Retail Pol Advocacy Fd),Political Fund,St Paul,MN,55101,,6/24/76,,5982.72,12181.72,30195,MN Retailers IMPACT (fka Mn Retail Pol Advocacy Fd),pac,biz,41075,TRUE,TRUE,30195,MN Retailers IMPACT (fka Mn Retail Pol Advocacy Fd),,,,,,2650,750,1900,12425,3800,8625
30608,MN State Bldg & Construction Trades Cncl Pol Fund,MN State Bld & Constr,pac,labor,162194.44,153194.4,20538.5,141656.0,9000.0,130356.0,2300.0,,208242.9,22922.4,,,185320.4,30608,MN State Bldg & Construction Trades Cncl Pol Fund,Political Fund,St Paul,MN,55102,,7/24/06,,100,2795.67,30608,MN State Bldg & Construction Trades Cncl Pol Fund,pac,labor,162194.44,TRUE,TRUE,30608,MN State Bldg & Construction Trades Cncl Pol Fund,20538.45,12.662857,20538.45,,,13037.99,12487.99,550,119618,117868,1750
40940,MOHPA PAC,MOHPA,pac,biz,349069.76,348819.8,5669.8,343400.0,250.0,132700.0,210450.0,,341825.0,2000.0,,,339825.0,40940,MOHPA PAC,Political Committee,St Paul,MN,55114,,7/28/05,,20530.23,3132.34,40940,MOHPA PAC,pac,biz,349069.76,TRUE,TRUE,40940,MOHPA PAC,5669.76,1.624248402,2343.69,3326.07,,68650,21950,46700,274500,110750,163750
40907,Motorcycle PAC of Minn,,pac,,11200,11200.0,,11200.0,,5850.0,5350.0,,,,,,,40907,Motorcycle PAC of Minn,Political Committee,Chanhassen,MN,55317,,5/2/03,,5499.68,13434.16,40907,Motorcycle PAC of Minn,pac,issue,11200,FALSE,FALSE,40907,Motorcycle PAC of Minn,,,,,,4950,2850,2100,6250,3000,3250
80022,MPS PAC,MPS,pac,,18650,18650.0,,18650.0,,9550.0,9100.0,,11750.0,,,,11750.0,80022,MPS PAC,Political Fund,St Paul,MN,55110,mnpsychsoc.org/pac.html,7/25/03,,8633.15,4814.94,80022,MPS PAC,pac,,18650,FALSE,FALSE,80022,MPS PAC,,,,,,18650,9550,9100,,,
80002,MSA-PAC,,pac,,20750,20750.0,,20750.0,,9000.0,11750.0,,13850.0,,,,13850.0,80002,MSA-PAC,Political Fund,Minneapolis,MN,55401,,9/21/88,,3941.47,692.25,80002,MSA-PAC,pac,issue,20750,FALSE,FALSE,80002,MSA-PAC,,,,,,6750,3500,3250,14000,5500,8500
30108,MTA PAC (fka SITCO PAC),MTA,pac,biz,119975,119975.0,,119975.0,,54025.0,65950.0,,113130.0,,,,113130.0,30108,MTA PAC (fka SITCO PAC),Political Fund,Roseville,MN,55113,,8/3/76,,19253.1,43001.25,30108,MTA PAC (fka SITCO PAC),pac,biz,119975,FALSE,FALSE,30108,MTA PAC (fka SITCO PAC),,,,,,106975,47775,59200,13000,6250,6750
30124,Multi Housing Political Action Committee,Multi Housing,pac,biz,264850,263450.0,,264850.0,1400.0,130025.0,133425.0,,304276.3,10000.0,,,294276.3,30124,Multi Housing Political Action Committee,Political Fund,Bloomington,MN,55431,,9/13/76,,45777.2,56790.92,30124,Multi Housing Political Action Committee,pac,biz,264850,TRUE,TRUE,30124,Multi Housing Political Action Committee,,,,,,48350,23325,25025,215100,106700,108400
30557,NAIOP Economic Growth Fund,NAIOP Econ Growth,pac,biz,59750,16750.0,,59750.0,43000.0,2000.0,14750.0,,60553.0,1250.0,,,59303.0,30557,NAIOP Economic Growth Fund,Political Fund,Minneapolis,MN,55416,,8/13/98,,3472.98,4646.11,30557,NAIOP Economic Growth Fund,pac,biz,59750,TRUE,TRUE,30557,NAIOP Economic Growth Fund,,,,,,5500,2000,3500,11250,,11250
30552,NARAL Pro-Choice Minn Election Fund,NARAL Pro-Choice,pac,issue,18178.59,15978.6,14828.6,3350.0,2200.0,1150.0,,,13521.0,8000.0,,,5521.0,30552,NARAL Pro-Choice Minn Election Fund,Political Fund,St Paul,MN,55114,www.ProChoiceMinnesota.org,11/22/95 13:38,,7207.03,531.03,30552,NARAL Pro-Choice Minn Election Fund,pac,issue,18178.59,TRUE,TRUE,30552,NARAL Pro-Choice Minn Election Fund,14828.59,81.57172806,16436.05,2885.27,,1150,1150,,,,
30656,National Assn of Realtors Fund,Natl Assn Realtors,pac,ie,95179.55,95179.6,95179.6,,,,,,95179.6,,,,95179.6,30656,National Assn of Realtors Fund,Independent Expenditure,Chicago,IL,60611,,10/30/12 13:00,,,0,30656,National Assn of Realtors Fund,pac,biz,95179.55,FALSE,FALSE,30656,National Assn of Realtors Fund,95179.55,100,,95179.55,,,,,,,
40741,NFIB/MN Save Americas Free Enterprise Trust,,pac,,26262.73,26262.7,3806.0,22456.8,,1750.0,20706.8,,27200.0,,,,27200.0,40741,NFIB/MN Save Americas Free Enterprise Trust,Political Committee,Washington,DC,20004,,8/16/96 10:05,,1665.14,,40741,NFIB/MN Save Americas Free Enterprise Trust,pac,biz,26262.73,FALSE,FALSE,40741,NFIB/MN Save Americas Free Enterprise Trust,3805.96,14.49186737,,4903.46,,14456.77,,14456.77,8000,1750,6250
30561,North Central States Carpenters PAC,N Central St Carpenters,pac,labor,680014.93,654285.1,22638.6,657376.4,25729.9,545316.5,85830.0,500.0,19261.1,17811.1,,,,30561,North Central States Carpenters PAC,Political Fund,St Paul,MN,55130,,5/3/00,,8435.08,31037.32,30561,North Central States Carpenters PAC,pac,labor,680014.93,TRUE,TRUE,30561,North Central States Carpenters PAC,22638.55,3.329125436,37684.07,,,70431.5,55521.5,14910,560715,489795,70920
41023,North Star SFAA-PAC,North Star SFAA,pac,,91905,89655.0,2605.0,89300.0,2250.0,22750.0,64300.0,,165562.5,,,,165562.5,41023,North Star SFAA-PAC,Political Committee,Edina,MN,55742,,1/14/10 9:31,,,54633.8,41023,North Star SFAA-PAC,pac,biz,91905,FALSE,TRUE,41023,North Star SFAA-PAC,2605,2.834448615,,2605,,21550,1500,20050,65500,21250,44250
40994,Northeast ALC PAC,Northeast ALC,pac,labor,13215.35,12485.5,513.0,12702.4,729.9,11972.5,,,93386.2,24214.4,,,69171.9,40994,Northeast ALC PAC,Political Fund,Duluth,MN,55812,www.nealc.org,2/5/08,,,38893.96,40994,Northeast ALC PAC,pac,labor,13215.35,TRUE,TRUE,40994,Northeast ALC PAC,513,3.881849516,513,,,5300,5300,,6672.5,6672.5,
40069,Northwest Petroleum NPPAC,,pac,,52620,52320.0,,52620.0,300.0,23520.0,28800.0,,,,,,,40069,Northwest Petroleum NPPAC,Political Committee,St Paul,MN,55126-3047,,4/4/77,,12062.97,30299.02,40069,Northwest Petroleum NPPAC,pac,biz,52620,FALSE,TRUE,40069,Northwest Petroleum NPPAC,,,,,,37550,17550,20000,14770,5970,8800
70035,NRA Political Victory Fund,,pac,,59705.85,59705.9,58705.9,1000.0,,500.0,500.0,,,,,,,70035,NRA Political Victory Fund,Political Committee,Fairfax,VA,22030,,5/15/90,,2591.01,2571.52,70035,NRA Political Victory Fund,pac,issue,59705.85,FALSE,FALSE,70035,NRA Political Victory Fund,58705.85,98.32512225,39.46,161639.2,1313.09,500,500,,500,,500
40894,Ottertail Power PAC,Ottertail Power,pac,biz,22925,22725.0,,22925.0,200.0,7875.0,14850.0,,30294.9,,,,30294.9,40894,Ottertail Power PAC,Political Committee,Fergus Falls,MN,56538-0944,,9/20/02,,4164.87,4080.47,40894,Ottertail Power PAC,pac,biz,22925,FALSE,TRUE,40894,Ottertail Power PAC,,,,,,10350,2850,7500,12375,5025,7350
70033,OutFront Minnesota Action,OutFront MN,pac,issue,34354.12,24626.9,3726.9,30627.2,9727.2,20900.0,,,61740.0,500.0,3150.0,,58090.0,70033,OutFront Minnesota Action,Political Committee,Minneapolis,MN,55409-1337,www.outfrontaction.org,8/30/04,,3671,742.22,70033,OutFront Minnesota Action,pac,issue,34354.12,TRUE,TRUE,70033,OutFront Minnesota Action,3726.94,10.84859691,3726.94,,,,,,20900,20900,
30633,OutFront MN Action Independent Expenditure Fund,Outfront MN IE,pac,ie,19551.13,19551.1,19551.1,,,,,,42595.2,28727.2,,,13868.0,30633,OutFront MN Action Independent Expenditure Fund,Independent Expenditure,Minneapolis,MN,55409-1337,,9/23/10 9:56,,,0,30633,OutFront MN Action Independent Expenditure Fund,pac,issue,19551.13,TRUE,FALSE,30633,OutFront MN Action Independent Expenditure Fund,19551.13,100,19551.13,,,,,,,,
40246,PAL 9 Natl Assoc of Letter Carriers,,pac,labor,30745,28175.0,,30745.0,2570.0,28175.0,,,4000.0,,,,4000.0,40246,PAL 9 Natl Assoc of Letter Carriers,Political Committee,Coon Rapids,MN,55448-2316,,3/19/76,,11317.66,8109.98,40246,PAL 9 Natl Assoc of Letter Carriers,pac,labor,30745,FALSE,TRUE,40246,PAL 9 Natl Assoc of Letter Carriers,,,,,,16750,16750,,11425,11425,
30268,People in Construction Political Action Comm,,pac,,21900,21900.0,,21900.0,,11450.0,10450.0,,42400.0,,,,42400.0,30268,People in Construction Political Action Comm,Political Fund,Apple Valley,MN,55124,,12/13/85,,868.6,14278.13,30268,People in Construction Political Action Comm,pac,biz,21900,FALSE,FALSE,30268,People in Construction Political Action Comm,,,,,,6700,2700,4000,15200,8750,6450
40016,PharmPAC,PharmPAC,pac,,18300,18300.0,,18300.0,,9350.0,8950.0,,12300.0,,,,12300.0,40016,PharmPAC,Political Committee,St Paul,MN,55114,,7/9/74,,9745.92,1969.09,40016,PharmPAC,pac,biz,18300,FALSE,FALSE,40016,PharmPAC,,,,,,7450,3300,4150,10850,6050,4800
40821,Pine Bend PAC,Pine Bend,pac,,62220,62220.0,,62220.0,,26570.0,35650.0,,84275.0,,,,84275.0,40821,Pine Bend PAC,Political Committee,Burnsville,MN,55337,,7/29/99,,17671.28,13159.82,40821,Pine Bend PAC,pac,,62220,FALSE,FALSE,40821,Pine Bend PAC,,,,,,3950,1850,2100,58270,24720,33550
30239,Pipe Fitters Local 539,,pac,labor,71888.07,68647.0,,71888.1,3241.1,67897.0,750.0,,40673.3,,,,40673.3,30239,Pipe Fitters Local 539,Political Fund,Minneapolis,MN,55414,,5/23/84,,1708.35,8507.24,30239,Pipe Fitters Local 539,pac,labor,71888.07,FALSE,TRUE,30239,Pipe Fitters Local 539,,,,,,36300,35550,750,32347,32347,
30628,"Planned Parenthood Minnesota, North Dakota, South Dakota Action Fund",Planned Parenthood,pac,ie,159797.43,154797.4,154797.4,5000.0,5000.0,,,,167925.4,,,,167925.4,30628,"Planned Parenthood Minnesota, North Dakota, South Dakota Action Fund",Independent Expenditure,St Paul,MN,55114,plannedparenthoodadvocate.com,8/5/10 8:24,,,0,30628,"Planned Parenthood Minnesota, North Dakota, South Dakota Action Fund",pac,issue,159797.43,FALSE,TRUE,30628,"Planned Parenthood Minnesota, North Dakota, South Dakota Action Fund",154797.43,96.87103854,154775.43,0,22,,,,,,
80012,Planned Parenthood of Minn Pol Action Fund,Planned Parenthood 2,pac,,79988.7,60088.7,60088.7,19900.0,19900.0,,,,105890.0,,,,105890.0,80012,Planned Parenthood of Minn Pol Action Fund,Political Fund,St Paul,MN,55114,,7/16/02,,3458.19,10552.25,80012,Planned Parenthood of Minn Pol Action Fund,pac,issue,79988.7,FALSE,TRUE,80012,Planned Parenthood of Minn Pol Action Fund,60088.7,75.12148591,147697.15,,,,,,,,
30571,Plumbers & Pipefitters Local #589 Pol Action Comm,,pac,labor,18088.28,17200.0,,18088.3,888.3,17200.0,,,,,,,,30571,Plumbers & Pipefitters Local #589 Pol Action Comm,Political Fund,Virginia,MN,55792-3496,,11/20/01,,4475.96,966.72,30571,Plumbers & Pipefitters Local #589 Pol Action Comm,pac,labor,18088.28,FALSE,TRUE,30571,Plumbers & Pipefitters Local #589 Pol Action Comm,,,,,,5700,5700,,11500,11500,
30577,Plumbers & Steamfitters Local 11 PAC Fund,,pac,labor,27288.08,25555.0,,27288.1,1733.1,25555.0,,,14095.6,,,,14095.6,30577,Plumbers & Steamfitters Local 11 PAC Fund,Political Fund,Duluth,MN,55811,,8/29/02,,2192.86,1655.68,30577,Plumbers & Steamfitters Local 11 PAC Fund,pac,labor,27288.08,FALSE,TRUE,30577,Plumbers & Steamfitters Local 11 PAC Fund,,,,,,9750,9750,,15805,15805,
30033,Plumbers Local Union #15 COPE Account,,pac,labor,18517,16217.0,,18517.0,2300.0,16217.0,,,,,,,,30033,Plumbers Local Union #15 COPE Account,Political Fund,Minneapolis,MN,55404,,9/5/74,,730.54,136.54,30033,Plumbers Local Union #15 COPE Account,pac,labor,18517,FALSE,TRUE,30033,Plumbers Local Union #15 COPE Account,,,,,,1850,1850,,14367,14367,
30085,Police Officers Fed of Mpls Contingency Fund,Police Fed of Mpls,pac,labor,70750,70750.0,,70750.0,,36000.0,32500.0,,117000.0,,,,117000.0,30085,Police Officers Fed of Mpls Contingency Fund,Political Fund,Minneapolis,MN,55418,mpdfederation.com,10/31/74,,26255.32,4339.13,30085,Police Officers Fed of Mpls Contingency Fund,pac,labor,70750,FALSE,FALSE,30085,Police Officers Fed of Mpls Contingency Fund,,,2524.71,,,32500,17250,13000,38250,18750,19500
30555,Prairie Island Indian Community PAC,Prairie Island Indian,pac,indian,649179,648179.0,,649179.0,1000.0,464679.0,183500.0,,560000.0,,,,560000.0,30555,Prairie Island Indian Community PAC,Political Fund,Welch,MN,55089,,10/30/96 8:42,,8462.29,2875.29,30555,Prairie Island Indian Community PAC,pac,indian,649179,FALSE,TRUE,30555,Prairie Island Indian Community PAC,,,,,,40750,26500,14250,607429,438179,169250
41047,Pro Jobs Majority,Pro Jobs Majority,pac,ie,784939.76,774939.8,774939.8,10000.0,10000.0,,,,886816.3,5500.0,,,881316.3,41047,Pro Jobs Majority,Independent Expenditure,St Paul,MN,55101,,9/23/10 8:48,,,14676.5,41047,Pro Jobs Majority,pac,biz,784939.76,TRUE,TRUE,41047,Pro Jobs Majority,774939.76,98.72601689,45400,729539.76,,,,,,,
41092,Progressive Kick IE,Progressive Kick,pac,ie,46119.07,12772.1,12772.1,33347.0,33347.0,,,,93500.0,,,,93500.0,41092,Progressive Kick IE,Independent Expenditure,Oakland,CA,94612,www.progressivekick.org,9/27/12 12:39,,,46481.31,41092,Progressive Kick IE,pac,prodfl,46119.07,FALSE,TRUE,41092,Progressive Kick IE,12772.07,27.69368506,12772.07,,,,,,,,
40981,Progressive Majority Minnesota,Progressive Maj,pac,prodfl,11689.66,11564.7,,11689.7,125.0,11564.7,,,59451.0,10450.0,401.0,,48600.0,40981,Progressive Majority Minnesota,Political Committee,Washington,DC,20006,,4/10/07,,0,43.42,40981,Progressive Majority Minnesota,pac,prodfl,11689.66,TRUE,TRUE,40981,Progressive Majority Minnesota,,,,,,7814.66,7814.66,,3750,3750,
80027,Project 515 PAC,Project 515,pac,,27850,27850.0,,27850.0,,27350.0,500.0,,29247.6,522.6,400.0,,28325.0,80027,Project 515 PAC,Political Fund,Minneapolis,MN,55414,,7/23/10 16:26,,,824.84,80027,Project 515 PAC,pac,issue,27850,TRUE,FALSE,80027,Project 515 PAC,,,,,,10000,9500,500,17850,17850,
40275,Public Emp Pension Serv Assn (PEPSA) Pol Fund,,pac,,70765,70515.0,,70765.0,250.0,39840.0,30675.0,,16403.1,,,,16403.1,40275,Public Emp Pension Serv Assn (PEPSA) Pol Fund,Political Fund,Inver Grove Heights,MN,55076,pepsa.org,9/13/74,,6321.48,1558.05,40275,Public Emp Pension Serv Assn (PEPSA) Pol Fund,pac,labor,70765,FALSE,TRUE,40275,Public Emp Pension Serv Assn (PEPSA) Pol Fund,,,,,,6550,4550,2000,63965,35290,28675
30654,Public Safety Matters Campaign,Pub Safety Matters,pac,ie,277239.21,277239.2,277239.2,,,,,,307150.0,92500.0,,,214650.0,30654,Public Safety Matters Campaign,Independent Expenditure,St Paul,MN,55130,,10/1/12 11:03,,,1231.22,30654,Public Safety Matters Campaign,pac,labor,277239.21,TRUE,FALSE,30654,Public Safety Matters Campaign,277239.21,100,277239.21,,,,,,,,
40933,Putting Minnesota First,Putting MN First,pac,ie,140850.48,140850.5,140850.5,,,,,,183989.0,130036.4,2952.6,,51000.0,40933,Putting Minnesota First,Independent Expenditure,St Paul,MN,55114,,9/27/04,,3623,10164,40933,Putting Minnesota First,pac,prodfl,140850.48,TRUE,FALSE,40933,Putting Minnesota First,140850.48,100,195405.51,25191.3,,,,,,,
30151,Retired Peoples Political Action Fund,,pac,,46000,46000.0,,46000.0,,23000.0,23000.0,,14999.0,,,,14999.0,30151,Retired Peoples Political Action Fund,Political Fund,Excelsior,MN,55331,info@mrsea.org,1/10/80,,15938,4021.81,30151,Retired Peoples Political Action Fund,pac,labor,46000,FALSE,FALSE,30151,Retired Peoples Political Action Fund,,,,,,,,,46000,23000,23000
30568,Rice Michels & Walther LLP Political Fund,Rice Michels & Walther,pac,,16896.02,16696.0,,16896.0,200.0,12609.8,4086.2,,55351.6,,719.6,,54632.0,30568,Rice Michels & Walther LLP Political Fund,Political Fund,Minneapolis,MN,55413,,7/24/01,,750.32,241.38,30568,Rice Michels & Walther LLP Political Fund,pac,biz,16896.02,FALSE,TRUE,30568,Rice Michels & Walther LLP Political Fund,,,,,,4250,3750,500,12446.02,8859.81,3586.21
30258,RKM&C Fund,RKM&C Fund,pac,lawyers,216342.43,181842.4,,216342.4,34500.0,125175.0,6500.0,10917.4,221409.5,,2461.1,,218948.4,30258,RKM&C Fund,Political Fund,Minneapolis,MN,55402-2015,,3/3/78,,4088.2,11936.02,30258,RKM&C Fund,pac,lawyers,216342.43,FALSE,TRUE,30258,RKM&C Fund,,,,,,52650,11900,1500,118275,113275,5000
40098,Road PAC of Minn,Road PAC,pac,,50798.22,40798.2,23135.0,27663.3,10000.0,13338.3,4325.0,,70050.3,5375.3,,,64675.0,40098,Road PAC of Minn,Political Committee,Apple Valley,MN,55124,,8/4/76,,197.73,11257.92,40098,Road PAC of Minn,pac,biz,50798.22,TRUE,TRUE,40098,Road PAC of Minn,23134.96,45.54285564,17793.79,5341.17,,9763.26,6738.26,3025,7900,6600,1300
40238,Rural Electric Political Action Comm,,pac,,78571.4,78321.4,,78571.4,250.0,36150.0,42171.4,,,,,,,40238,Rural Electric Political Action Comm,Political Committee,Maple Grove,MN,55369,,6/17/81,,7925.12,6273.92,40238,Rural Electric Political Action Comm,pac,biz,78571.4,FALSE,TRUE,40238,Rural Electric Political Action Comm,,,,,,43245,20050,23195,35076.4,16100,18976.4
40872,Rural Minn Preservation,,pac,,25866.47,25866.5,24466.5,1400.0,,1400.0,,,17665.0,12040.0,1750.0,,3875.0,40872,Rural Minn Preservation,Political Committee,St Paul,MN,55106-1119,,1/29/02,,4160.1,379.35,40872,Rural Minn Preservation,pac,issue,25866.47,TRUE,FALSE,40872,Rural Minn Preservation,24466.47,94.58758771,52852.42,,,1400,1400,,,,
30192,Saint Paul Teachers Pension PAC,St Paul Teachers Pension,pac,labor,91950,90950.0,,91950.0,1000.0,54500.0,36450.0,,64310.0,,,,64310.0,30192,Saint Paul Teachers Pension PAC,Political Fund,St Paul,MN,55104,,6/4/79,,136.05,4777,30192,Saint Paul Teachers Pension PAC,pac,labor,91950,FALSE,TRUE,30192,Saint Paul Teachers Pension PAC,,,,,,54950,36700,18250,36000,17800,18200
30093,SEIU Healthcare Minn (fka SEIU Local 113),SEIU Healthcare,pac,labor,394938.23,96961.4,15008.3,379929.9,297976.9,69293.0,,12660.1,302759.2,11795.3,350.0,,290613.9,30093,SEIU Healthcare Minn (fka SEIU Local 113),Political Fund,St Paul,MN,55102,,1/1/90,,8950.56,3712.16,30093,SEIU Healthcare Minn (fka SEIU Local 113),pac,labor,394938.23,TRUE,TRUE,30093,SEIU Healthcare Minn (fka SEIU Local 113),15008.29,3.800161357,15008.29,,,4400,4400,,64892.97,64892.97,
30602,SEIU Local 26 Political Fund,SEIU Local,pac,labor,81852.47,15745.0,,81852.5,66107.5,15745.0,,,83994.1,65964.2,,,18029.9,30602,SEIU Local 26 Political Fund,Political Fund,Minneapolis,MN,55414,,4/5/06,,1857.77,18190.07,30602,SEIU Local 26 Political Fund,pac,labor,81852.47,TRUE,TRUE,30602,SEIU Local 26 Political Fund,,,,,,4000,4000,,11745,11745,
30037,SEIU Minn State Council Political Fund,SEIU State Council,pac,labor,2242378.62,1614435.9,109067.7,2133310.9,627942.7,1504118.2,1250.0,,1652327.2,368079.2,12248.0,,1272000.0,30037,SEIU Minn State Council Political Fund,Political Fund,St Paul,MN,55114,,9/5/74,,13995.89,75812.52,30037,SEIU Minn State Council Political Fund,pac,labor,2242378.62,TRUE,TRUE,30037,SEIU Minn State Council Political Fund,109067.72,4.863929714,254198.91,176.16,,72345,71095,1250,1433023.18,1433023.18,
40550,Shakopee Mdewakanton Sioux,Shakopee Mdew. Sioux,pac,indian,1464957,1460957.0,,1464957.0,4000.0,1274207.0,171750.0,15000.0,1175000.0,,,,1175000.0,40550,Shakopee Mdewakanton Sioux,Political Committee,Prior Lake,MN,55372,,2/23/89,,113803.75,17642.74,40550,Shakopee Mdewakanton Sioux,pac,indian,1464957,FALSE,TRUE,40550,Shakopee Mdewakanton Sioux,,,,,,55475,49025,6450,1390482,1225182,165300
30588,Sheet Metal Workers PAC 10,Sheet Metal Workers,pac,labor,120689.56,119065.0,,120689.6,1624.6,118415.0,650.0,,57000.0,,,,57000.0,30588,Sheet Metal Workers PAC 10,Political Fund,Maplewood,MN,55109,,9/14/04,,5593.11,2276.44,30588,Sheet Metal Workers PAC 10,pac,labor,120689.56,FALSE,TRUE,30588,Sheet Metal Workers PAC 10,,,,,,32325,31675,650,86740,86740,
80020,Sierra Club Political Committee,Sierra Club,pac,,44924.72,40424.7,39339.7,5585.0,4500.0,725.0,,360.0,41329.0,,,,41329.0,80020,Sierra Club Political Committee,Political Fund,Minneapolis,MN,55406,,7/2/82,,2687.86,2095.44,80020,Sierra Club Political Committee,pac,issue,44924.72,FALSE,TRUE,80020,Sierra Club Political Committee,39339.72,87.56809169,91394.14,11612.96,,600,600,,125,125,
70052,SMART PAC,SMART PAC,pac,,16500,16500.0,,16500.0,,9500.0,7000.0,,20400.0,,,,20400.0,70052,SMART PAC,Political Committee,St Paul,MN,55117,,9/27/10 15:42,,,8751,70052,SMART PAC,pac,biz,16500,FALSE,FALSE,70052,SMART PAC,,,,,,2000,2000,,14500,7500,7000
30120,SOF-PAC,SOF,pac,,34250,19250.0,,34250.0,15000.0,4050.0,15200.0,,44915.0,,,,44915.0,30120,SOF-PAC,Political Fund,Eagan,MN,55122,,8/4/76,,1161.01,1700.36,30120,SOF-PAC,pac,,34250,FALSE,TRUE,30120,SOF-PAC,,,,,,2150,350,1800,17100,3700,13400
30637,Somali Action Alliance Political Fund,Somali Action Alliance,pac,ie,44374.96,44375.0,44375.0,,,,,,54575.0,10000.0,,,44575.0,30637,Somali Action Alliance Political Fund,Independent Expenditure,Minneapolis,MN,55406,,10/20/10 14:16,7/11/12,,0,30637,Somali Action Alliance Political Fund,pac,issue,44374.96,TRUE,FALSE,30637,Somali Action Alliance Political Fund,44374.96,100,44374.96,,,,,,,,
30234,Sprinkler Fitters Local Union No 417,,pac,labor,18369,17950.0,,18369.0,419.0,17700.0,250.0,,,,,,,30234,Sprinkler Fitters Local Union No 417,Political Fund,Minneapolis,MN,55413,,4/9/84,,5892.69,1064.03,30234,Sprinkler Fitters Local Union No 417,pac,labor,18369,FALSE,TRUE,30234,Sprinkler Fitters Local Union No 417,,,,,,6550,6300,250,11400,11400,
30556,St Paul Area Chamber of Commerce PAC,St Paul Chamber,pac,biz,12616.67,1616.7,66.7,12550.0,11000.0,,1550.0,,98420.0,2600.0,,,95820.0,30556,St Paul Area Chamber of Commerce PAC,Political Fund,St Paul,MN,55101,,8/13/97,,2010.87,7702.84,30556,St Paul Area Chamber of Commerce PAC,pac,biz,12616.67,TRUE,TRUE,30556,St Paul Area Chamber of Commerce PAC,66.67,0.528427866,9579.84,11.11,,,,,1550,,1550
30154,St Paul Firefighters Local 21 Political Action Committee,St Paul Firefight Loc 21,pac,labor,32400,17000.0,,32400.0,15400.0,16000.0,1000.0,,32332.0,,,,32332.0,30154,St Paul Firefighters Local 21 Political Action Committee,Political Fund,St Paul,MN,55102,,3/25/80,,11433.49,30237.82,30154,St Paul Firefighters Local 21 Political Action Committee,pac,labor,32400,FALSE,TRUE,30154,St Paul Firefighters Local 21 Political Action Committee,,,,,,6000,6000,,11000,10000,1000
30325,St Paul Pipefitters Local 455 PAC,St Paul Pipefitters,pac,labor,114717,107340.0,,114717.0,7377.0,106840.0,500.0,,47695.3,,,,47695.3,30325,St Paul Pipefitters Local 455 PAC,Political Fund,St Paul,MN,55114,,8/21/90,,3446.41,17364.75,30325,St Paul Pipefitters Local 455 PAC,pac,labor,114717,FALSE,TRUE,30325,St Paul Pipefitters Local 455 PAC,,,,,,43190,42690,500,64150,64150,
40790,St Paul Regional Labor Federation AFL-CIO (fka St Pl Trds & Lbr Asmbly PAC),St Paul Reg Labor Fed,pac,labor,49729.01,36778.9,1528.9,48200.1,12950.1,35250.0,,,104344.0,43735.1,,,60608.9,40790,St Paul Regional Labor Federation AFL-CIO (fka St Pl Trds & Lbr Asmbly PAC),Political Fund,St Paul,MN,55102,,7/8/98,,26715.67,47674.73,40790,St Paul Regional Labor Federation AFL-CIO (fka St Pl Trds & Lbr Asmbly PAC),pac,labor,49729.01,TRUE,TRUE,40790,St Paul Regional Labor Federation AFL-CIO (fka St Pl Trds & Lbr Asmbly PAC),1528.87,3.074402647,5966.98,,,5200,5200,,30050,30050,
41049,State Fund for Economic Growth LLC,State Fund Econ Growth,pac,ie,200000,0.0,,200000.0,200000.0,,,,250050.0,,,,250050.0,41049,State Fund for Economic Growth LLC,Independent Expenditure,Wayzata,MN,55391,,8/16/10,,,50,41049,State Fund for Economic Growth LLC,pac,biz,200000,FALSE,TRUE,41049,State Fund for Economic Growth LLC,,,,,,,,,,,
30550,Suburban School Emp Local 284 Pol Act Fund,Suburban Sch Local 284,pac,labor,106936.91,15960.5,,106936.9,90976.4,10548.0,,5412.5,35049.4,12049.4,,,23000.0,30550,Suburban School Emp Local 284 Pol Act Fund,Political Fund,South St Paul,MN,55075,,10/31/94 15:14,,734.13,21205.99,30550,Suburban School Emp Local 284 Pol Act Fund,pac,labor,106936.91,TRUE,TRUE,30550,Suburban School Emp Local 284 Pol Act Fund,,,,,,2750,2750,,7798,7798,
70026,Take Action PAC,Take Action,pac,prodfl,116374.88,109302.9,92946.5,23428.4,7072.0,8919.4,,7437.0,276255.4,204345.4,10060.0,,61850.0,70026,Take Action PAC,Political Committee,St Paul,MN,55114,,8/6/02,,9973.01,21354,70026,Take Action PAC,pac,prodfl,116374.88,TRUE,TRUE,70026,Take Action PAC,92946.47,79.8681554,164196.47,,,1896.67,1896.67,,7022.74,7022.74,
30636,TakeAction Political Fund,TakeAction,pac,ie,389811.98,389812.0,38439.3,351372.7,,,,351372.7,836663.2,9500.0,,,826513.2,30636,TakeAction Political Fund,Independent Expenditure,St Paul,MN,55114,,10/14/10 16:10,,,73.41,30636,TakeAction Political Fund,pac,prodfl,389811.98,TRUE,FALSE,30636,TakeAction Political Fund,38439.25,9.860971949,38439.25,,,,,,,,
30622,TCO Political Action Committee,,pac,,25000,25000.0,,25000.0,,8000.0,17000.0,,18200.0,,,,18200.0,30622,TCO Political Action Committee,Political Fund,St Louis Park,MN,55426,,12/5/08,,,50,30622,TCO Political Action Committee,pac,,25000,FALSE,FALSE,30622,TCO Political Action Committee,,,,,,4200,,4200,20800,8000,12800
80023,Teamsters Local 120 DRIVE,Teamsters Local 120,pac,labor,192146,185396.0,,192146.0,6750.0,178596.0,4300.0,,328797.1,328797.1,,,,80023,Teamsters Local 120 DRIVE,Political Fund,Blaine,MN,55434,,12/4/06,,0,5618.7,80023,Teamsters Local 120 DRIVE,pac,labor,192146,TRUE,TRUE,80023,Teamsters Local 120 DRIVE,,,,,,32400,25600,4300,152996,152996,
30225,TRIAL-PAC,TRIAL PAC,pac,lawyers,390513.17,358913.2,1251.3,389261.9,31600.0,307036.9,49375.0,750.0,410213.6,38000.0,2400.0,,369813.6,30225,TRIAL-PAC,Political Fund,Minneapolis,MN,55402,,10/25/79,,3065.26,10597.59,30225,TRIAL-PAC,pac,lawyers,390513.17,TRUE,TRUE,30225,TRIAL-PAC,1251.3,0.320424533,1251.3,,,33769.8,30769.8,2500,323142.07,276267.07,46875
40810,Twin Cities Republican Assn,,pac,prorpm,10200,10200.0,,10200.0,,,9450.0,,375.0,,,,375.0,40810,Twin Cities Republican Assn,Political Committee,Victoria,MN,55386-9701,TwinCitiesRepublicans.com,10/23/98,,1586.3,1247.33,40810,Twin Cities Republican Assn,pac,prorpm,10200,FALSE,FALSE,40810,Twin Cities Republican Assn,,,,,,8900,,8150,1300,,1300
70013,TwinWest Chamber of Commerce PAC,TwinWest Chamber,pac,biz,64638.29,23817.6,9817.6,54820.7,40820.7,1250.0,12750.0,,77335.0,1100.0,,,76235.0,70013,TwinWest Chamber of Commerce PAC,Political Committee,Plymouth,MN,55441-8709,www.twinwestpac.com,8/8/90,,885.46,1357.52,70013,TwinWest Chamber of Commerce PAC,pac,biz,64638.29,TRUE,TRUE,70013,TwinWest Chamber of Commerce PAC,9817.6,15.18852061,3177.53,21897.17,,5500,,5500,8500,1250,7250
30083,U A Plumbers Local #34 Political Fund,UA Plumbers Loc 34,pac,labor,27500,25900.0,,27500.0,1600.0,25600.0,300.0,,22053.5,,,300.0,21753.5,30083,U A Plumbers Local #34 Political Fund,Political Fund,St Paul,MN,55102-1069,,10/31/74,,2726.56,11854.62,30083,U A Plumbers Local #34 Political Fund,pac,labor,27500,FALSE,TRUE,30083,U A Plumbers Local #34 Political Fund,,,,,,9200,9200,,16700,16400,300
41001,UFCW Active Ballot Club,,pac,labor,107350,107350.0,,107350.0,,107350.0,,,,,,,,41001,UFCW Active Ballot Club,Political Committee,Washington,DC,20006-1598,,6/30/08,,,0,41001,UFCW Active Ballot Club,pac,labor,107350,FALSE,FALSE,41001,UFCW Active Ballot Club,,,,,,850,850,,106500,106500,
30606,UNITE HERE TIP State and Local Fund-MN,UNITE HERE,pac,labor,52500,15000.0,,52500.0,37500.0,15000.0,,,7994955.5,,,,7994955.5,30606,UNITE HERE TIP State and Local Fund-MN,Political Fund,New York,NY,10001,,6/30/06,,1248643.79,776737.04,30606,UNITE HERE TIP State and Local Fund-MN,pac,labor,52500,FALSE,TRUE,30606,UNITE HERE TIP State and Local Fund-MN,,,,,,,,,15000,15000,
30174,United Food & Commerical Workers Council 6,,pac,labor,73706,73706.0,,73706.0,,73206.0,500.0,,24506.7,,,,24506.7,30174,United Food & Commerical Workers Council 6,Political Fund,Schaumburg,IL,60173-2412,,4/30/81,,5510.1,21752.48,30174,United Food & Commerical Workers Council 6,pac,labor,73706,FALSE,FALSE,30174,United Food & Commerical Workers Council 6,,,,,,8806,8306,500,64900,64900,
40745,United Steelworkers District 11 Non-Federal Acct,United Steelworkers,pac,labor,104000,77000.0,,104000.0,27000.0,77000.0,,,247244.3,4734.3,,,242510.0,40745,United Steelworkers District 11 Non-Federal Acct,Political Fund,Minneapolis,MN,55414,,2/26/96 11:03,,1400,494,40745,United Steelworkers District 11 Non-Federal Acct,pac,labor,104000,TRUE,TRUE,40745,United Steelworkers District 11 Non-Federal Acct,,,,,,13450,13450,,63550,63550,
30019,UTU PAC-MN,UTU,pac,labor,92975,92275.0,,92975.0,700.0,91825.0,450.0,,54675.1,,,,54675.1,30019,UTU PAC-MN,Political Fund,St Paul,MN,55102,,8/19/74,,2831.07,1021.02,30019,UTU PAC-MN,pac,labor,92975,FALSE,TRUE,30019,UTU PAC-MN,,,,,,18375,18175,200,73900,73650,250
80005,VET-PAC of Minn,,pac,,34400,34200.0,,34400.0,200.0,20350.0,13850.0,,740.0,,,,740.0,80005,VET-PAC of Minn,Political Fund,South St Paul,MN,55075,,11/7/84,,19163.6,4980.8,80005,VET-PAC of Minn,pac,issue,34400,FALSE,TRUE,80005,VET-PAC of Minn,,,,,,14100,8300,5800,20100,12050,8050
41021,VOICES of Conservative Women State PAC (VOICESPAC),VOICES Conservative Women,pac,prorpm,59204.39,56204.4,45682.7,13521.7,3000.0,,10521.7,,104133.9,1750.0,,4300.0,98083.9,41021,VOICES of Conservative Women State PAC (VOICESPAC),Political Committee,Maple Grove,MN,55311,www.voicesofconservativewomen.org,11/30/09 14:33,,,7661.79,41021,VOICES of Conservative Women State PAC (VOICESPAC),pac,prorpm,59204.39,TRUE,TRUE,41021,VOICES of Conservative Women State PAC (VOICESPAC),45682.67,77.1609504,,45682.67,,10521.72,,10521.72,,,
30191,VOTE - 66,Vote-66,pac,labor,26800,18600.0,,26800.0,8200.0,18600.0,,,27500.0,500.0,,,27000.0,30191,VOTE - 66,Political Fund,Duluth,MN,55802,,7/27/82,,19576.83,27457.67,30191,VOTE - 66,pac,labor,26800,TRUE,TRUE,30191,VOTE - 66,,,,,,3250,3250,,15350,15350,
41050,Vote Racino Now Committee,Vote Racino Now,pac,ie,121761.36,121761.4,121761.4,,,,,,155565.2,,,,155565.2,41050,Vote Racino Now Committee,Independent Expenditure,Janesville,MN,56048,,10/12/10 13:54,12/31/10,,,41050,Vote Racino Now Committee,pac,issue,121761.36,FALSE,FALSE,41050,Vote Racino Now Committee,121761.36,100,33023.86,88737.5,,,,,,,
40537,Waste Management PAC of Minn,,pac,biz,11250,11250.0,,11250.0,,5550.0,5700.0,,10400.0,,,,10400.0,40537,Waste Management PAC of Minn,Political Committee,Lakeville,MN,55044,,10/21/88,,4408.87,3531.67,40537,Waste Management PAC of Minn,pac,biz,11250,FALSE,FALSE,40537,Waste Management PAC of Minn,,,,,,450,250,200,10800,5300,5500
30625,WIN Minnesota Political Action Fund,WIN Minnesota,pac,ie,5697488.3,0.0,,5697488.3,5697488.3,,,,5737990.7,230461.9,,,5507528.8,30625,WIN Minnesota Political Action Fund,Independent Expenditure,St Paul,MN,55104,,12/16/09 16:11,,,8.01,30625,WIN Minnesota Political Action Fund,pac,prodfl,5697488.3,TRUE,TRUE,30625,WIN Minnesota Political Action Fund,,,,,,,,,,,
30345,Winthrop & Weinstine PA Political Fund,Winthrop & Weinstine,pac,,29210.63,26810.6,,29210.6,2400.0,12080.0,13550.0,750.0,41950.0,,,,41950.0,30345,Winthrop & Weinstine PA Political Fund,Political Fund,Minneapolis,MN,55402-4629,,6/16/92,,364.74,3564.14,30345,Winthrop & Weinstine PA Political Fund,pac,biz,29210.63,FALSE,TRUE,30345,Winthrop & Weinstine PA Political Fund,,,,,,6130.63,3300,2400,19930,8780,11150
40268,womenwinning State PAC,womenwinning,pac,prodfl,59900,59900.0,4000.0,55900.0,,55900.0,,,535494.0,15675.0,13687.5,,506131.5,40268,womenwinning State PAC,Political Committee,St Paul,MN,55114,,1/1/90,,5343.86,16527.49,40268,womenwinning State PAC,pac,prodfl,59900,TRUE,FALSE,40268,womenwinning State PAC,4000,6.677796327,12218.42,,2235,55900,55900,,,,
30623,Working America Minn Political Committee,Working America MN,pac,ie,272370.42,272370.4,272370.4,,,,,,487875.4,304207.2,,,183668.2,30623,Working America Minn Political Committee,Independent Expenditure,Washington,DC,20006,workingamerica.org,9/2/09 16:18,,,-500,30623,Working America Minn Political Committee,pac,labor,272370.42,TRUE,FALSE,30623,Working America Minn Political Committee,272370.42,100,246906.42,,25464,,,,,,
30618,Working Families Fund,Working Families,pac,,20893.51,13393.5,543.5,20350.0,7500.0,12650.0,,200.0,61541.9,8519.8,,,53022.1,30618,Working Families Fund,Political Fund,Rochester,MN,55904,,12/17/07,,0,29614.2,30618,Working Families Fund,pac,,20893.51,TRUE,TRUE,30618,Working Families Fund,543.51,2.601334098,543.51,,,10500,10500,,2150,2150,
40877,Xcel Energy Employees PAC (fka Power PAC),Xcel,pac,biz,100890,100890.0,,100890.0,,44240.0,56650.0,,112161.7,,,,112161.7,40877,Xcel Energy Employees PAC (fka Power PAC),Political Committee,Edina,MN,55436,,3/29/02,,383.11,4082.45,40877,Xcel Energy Employees PAC (fka Power PAC),pac,biz,100890,FALSE,FALSE,40877,Xcel Energy Employees PAC (fka Power PAC),,,,,,6425,2975,3450,94465,41265,53200
