ComID,Committee,totspend,topac,receivedtot,frompac,stype,CommCity,CommState,CommZip,CommWeb,RegistrationDate,TerminationDate,endcash2012,cat1,cat2,IE,ieprodfl,ieprorpm,ieother,candall,canddfl,candrpm,partyall,partydfl,partyrpm
99999,2010/2012 Funds,3942468.87,3942468.9,3942388.9,2647770.0,Independent Expenditure,St Paul,MN,55104,,2/18/2010 14:57,,$5.74 ,pac,prodfl,,,,,,,,,,
41088,A Stronger Minnesota,18827.55,,24950.0,,Independent Expenditure,Belle Plaine,MN,56011,www.astrongerminnesota.com,9/19/2012 14:28,,$557.51 ,pac,prorpm,"$18,827.55 ",,"$18,827.55 ",,,,,,,
70047,ACEC/MN Political Action Committee,74918.11,,85354.2,,Political Committee,Minnetonka,MN,55305,,8/24/2009 9:54,,"$4,266.13 ",pac,issue,,,,,"$45,668.11 ","$22,768.11 ","$22,900.00 ","$29,250.00 ","$13,500.00 ","$15,750.00 "
30088,AFL-CIO Southeast Central Labor Council,10460.96,4559.8,6100.0,4300.0,Political Fund,Rochester,MN,55904,,11/12/1974,8/21/2008,,pac,labor,"$4,401.18 ","$4,401.18 ",,,,,,"$1,500.00 ","$1,500.00 ",
30204,AFSCME,2317688,1578268.0,,,Political Fund,Washington,DC,20036,afscme.org,9/27/1982,,$0.00 ,pac,labor,"$5,340.00 ","$63,527.00 ",,,"$1,500.00 ","$1,500.00 ",,"$732,580.00 ","$732,580.00 ",
30593,AFSCME Minn PEOPLE Committee Council 5 PAC,1514590.52,502689.3,2041199.9,1223268.0,Political Fund,South St Paul,MN,55075,,5/19/2005,,"$46,042.08 ",pac,labor,"$319,730.70 ","$353,723.02 ","$2,217.69 ",$362.35 ,"$87,725.00 ","$84,425.00 ","$3,300.00 ","$599,295.53 ","$599,295.53 ",
70024,Aging Services of Minn (fka MHHA PAC),46500,,42548.0,,Political Committee,St Paul,MN,55114,,8/13/2001,,"$9,802.28 ",pac,biz,,,,,"$2,050.00 ","$1,200.00 ",$850.00 ,"$44,450.00 ","$21,700.00 ","$22,750.00 "
80024,Alliance for a Better Minnesota Action Fund,7166803.82,4240.0,9882936.5,9589385.2,Independent Expenditure,St Paul,MN,55104,abetterminnesota.org,9/26/2007,,"$2,405.67 ",pac,prodfl,"$7,162,563.82 ","$6,824,932.08 ","$8,758.83 ","$328,872.91 ",,,,,,
30074,Amalgamated Transit Union Local 1005,41933.12,2828.1,35350.0,,Political Fund,Minneapolis,MN,55414,,10/29/1974,,$541.88 ,pac,labor,,,,,"$20,925.00 ","$20,625.00 ",,"$18,180.00 ","$18,180.00 ",
40954,America Votes - Minnesota,26000,26000.0,56639.7,41639.7,Political Committee,Washington,DC,20036,,5/10/2006,,"$3,377.05 ",pac,prodfl,,"$3,230.47 ",,,,,,,,
41093,America Votes Action Fund - Minnesota,15875.62,,63693.0,33347.0,Independent Expenditure,Washington,DC,20036,,9/28/2012 10:23,,"$7,403.63 ",pac,prodfl,"$15,875.62 ","$15,875.62 ",,,,,,,,
30657,Americans for Tax Reform Political Fund,30915,,30915.0,,Independent Expenditure,Washington,DC,20005,www.atr.org,11/2/2012 9:37,12/31/2012,$0.00 ,pac,issue,"$30,915.00 ",,"$30,915.00 ",,,,,,,
30137,BAM-PAC,36880,,34834.5,,Political Fund,St Paul,MN,55103-2186,,6/27/1978,,"$8,954.21 ",pac,biz,,,$460.35 ,,"$3,000.00 ","$1,350.00 ","$1,650.00 ","$33,880.00 ","$16,630.00 ","$17,250.00 "
30274,Beer PAC-Minn Beer Wholesalers Assoc,166080,500.0,177941.2,,Political Fund,Eden Prairie,MN,55347,,4/15/1986,,"$9,429.31 ",pac,biz,,,,,"$13,530.00 ","$7,500.00 ","$6,030.00 ","$152,050.00 ","$77,950.00 ","$74,100.00 "
30584,Best & Flanagan Political Fund,51537.5,1950.0,71715.8,,Political Fund,Minneapolis,MN,55402,,6/4/2004,,"$6,109.48 ",pac,lawyers,,,,,"$17,900.00 ","$12,300.00 ","$4,900.00 ","$31,187.50 ","$20,737.50 ","$10,450.00 "
30594,Boilermakers 647 Political Action Fund,212587.5,11000.0,53535.0,,Political Fund,Ramsey,MN,55303,,5/17/2005,,"$28,625.12 ",pac,labor,,,,,"$41,837.50 ","$41,837.50 ",,"$159,000.00 ","$159,000.00 ",
30563,Bois Forte Political Education Fund,65100,2000.0,56800.0,,Political Fund,Nett Lake,MN,55772,,12/13/2000,,$918.10 ,pac,indian,,,,,"$3,650.00 ","$3,650.00 ",,"$59,450.00 ","$52,450.00 ","$7,000.00 "
40542,Brotherhood of Locomotive Engineers & Trainmen,19850,,8005.0,,Political Committee,Cleveland,OH,44113,,10/7/1988,,"$5,396.61 ",pac,labor,,,,,"$10,650.00 ","$10,450.00 ",,"$9,200.00 ","$9,200.00 ",
30617,Building Trades C1 PAC Fund,29050,450.0,28350.0,2300.0,Political Fund,St Paul,MN,55102,,10/18/2007,,"$1,431.33 ",pac,labor,,,,,"$10,500.00 ","$10,200.00 ",$300.00 ,"$18,100.00 ","$16,600.00 ","$1,500.00 "
40038,"CAR, Committee of Automotive Retailers",266105.29,30355.3,272906.0,,Political Committee,St Paul,MN,55118-3505,,7/5/1974,,"$24,164.90 ",pac,biz,,,$460.35 ,,"$40,250.00 ","$14,650.00 ","$24,600.00 ","$195,500.00 ","$111,750.00 ","$83,750.00 "
30138,CARE / PAC,107525,,54570.7,,Political Fund,Bloomington,MN,55425,,8/31/1978,,"$10,183.72 ",pac,biz,,,,,"$2,850.00 ","$2,600.00 ",$250.00 ,"$104,675.00 ","$50,975.00 ","$53,700.00 "
30583,Carpenters Local #606 PAC,13100,,,,Political Fund,Grand Rapids,MN,55744,,2/3/2004,,"$7,211.30 ",pac,labor,,,,,"$5,700.00 ","$5,700.00 ",,"$7,400.00 ","$7,400.00 ",
40782,Carpenters Local 1644 PAC,21095.56,3145.6,13336.0,250.0,Political Committee,Minneapolis,MN,55406,,1/26/1998,11/16/2011,,pac,labor,,,,,"$17,200.00 ","$16,950.00 ",,$750.00 ,$750.00 ,
30642,Carpenters Local 322,11880,,19046.5,,Political Fund,St Paul,MN,55130,local322.net,10/28/2011 9:16,,"$2,604.05 ",pac,labor,,,,,"$10,630.00 ","$10,630.00 ",,"$1,250.00 ","$1,250.00 ",
30592,Carpenters Local Union 361 Pol Fund,11490,,8500.0,500.0,Political Fund,Hermantown,MN,55811,,1/4/2005,,$969.12 ,pac,labor,,,,,"$6,750.00 ","$6,250.00 ",,"$4,740.00 ","$4,740.00 ",
30581,CHG PAC,21100,,20900.0,,Political Fund,Maple Grove,MN,55311,,5/28/2003,10/12/2010,,pac,biz,,,,,,,,"$21,100.00 ","$7,600.00 ","$13,500.00 "
80018,Clean Water Action Voter Education Project,29313.71,6000.0,20220.0,,Political Fund,Minneapolis,MN,55414,,10/30/1984,,$380.12 ,pac,biz,"$23,313.71 ","$82,915.04 ",$45.81 ,$71.76 ,,,,,,
30647,CMVC Fund (Conservation MN Voter Center),27177.69,,40500.0,500.0,Independent Expenditure,Minneapolis,MN,55415,www.mnvotercenter.org,7/20/2012 16:27,,"$3,541.31 ",pac,issue,"$27,177.69 ","$27,177.69 ",,,,,,,,
70007,Coalition of MN Businesses PAC,888732.36,21841.5,905061.0,903500.0,Political Committee,St Paul,MN,55101,,11/15/1994 9:36,,"$9,182.18 ",pac,biz,"$866,890.84 ",,"$1,309,750.53 ",,,,,,,
40045,Committee of Thirteen Legislative Fund,105430,125.0,,,Political Committee,Oakdale,MN,55128,committeeof13.org,10/21/1974,,"$6,265.00 ",pac,labor,,"$1,591.00 ",,,"$36,330.00 ","$35,330.00 ","$1,000.00 ","$68,975.00 ","$67,875.00 ","$1,100.00 "
41045,Committee to Stop Wasteful Spending,31883.79,3062.9,32500.0,10000.0,Independent Expenditure,St Paul,MN,55101,,8/25/2010 11:29,12/31/2011,,pac,,"$28,820.90 ",,"$28,820.90 ",,,,,,,
80008,Conservation Minnesota Voter Fund,179496.9,,444217.0,,Political Fund,Minneapolis,MN,55415,,8/24/2000,,"$5,776.76 ",pac,issue,"$138,850.79 ","$236,486.08 ","$63,801.34 ","$5,813.54 ","$9,860.00 ","$8,760.00 ","$1,100.00 ","$24,400.00 ","$21,550.00 ","$2,850.00 "
30312,Council 65 Political Action Committee,19430,,11742.6,,Political Fund,Nashwauk,MN,55769,,4/13/1990,,$54.57 ,pac,labor,,,,,"$9,450.00 ","$9,450.00 ",,"$9,980.00 ","$9,980.00 ",
41083,Count Them All Properly,27000,,31010.0,,Political Committee,St Paul,MN,55102,,2/8/2011 9:27,9/19/2012,$0.00 ,pac,prorpm,,,,,,,,"$27,000.00 ",,"$27,000.00 "
30224,CUVOL,79670,750.0,26792.2,,Political Fund,St Paul,MN,55102,,2/28/1975,,"$15,512.94 ",pac,biz,,,,,"$19,350.00 ","$11,650.00 ","$7,700.00 ","$59,570.00 ","$29,770.00 ","$29,800.00 "
80021,CWA COPE PCC,85100,46100.0,148980.5,,Political Fund,Washington,DC,20001,,8/22/2006,,"$315,208.98 ",pac,labor,,,,,"$6,000.00 ","$6,000.00 ",,"$33,000.00 ","$33,000.00 ",
40491,D&T Better Government Committee,17177.84,17177.8,11175.0,,Political Committee,Minneapolis,MN,55402-1538,,10/30/1987,8/8/2012,$0.00 ,pac,biz,,,,,,,,,,
30640,Dominium Political Fund,12550,10000.0,24320.0,,Political Fund,Plymouth,MN,55441,,4/5/2011 14:24,,"$6,270.00 ",pac,,,,,,"$1,550.00 ","$1,550.00 ",,"$1,000.00 ","$1,000.00 ",
30116,Dorsey Political Fund,218203.65,13818.0,233821.0,,Political Fund,Minneapolis,MN,55402-1498,,10/23/1974,,"$6,278.51 ",pac,lawyers,,,,,"$75,357.89 ","$39,775.00 ","$21,975.00 ","$129,027.76 ","$65,050.00 ","$63,977.76 "
40815,DRIVE- Democrat Republican Ind. Voter Edu.,1122688.6,960688.6,261914.6,,Political Committee,Washington,DC,20001,,11/13/1998,,$0.00 ,pac,labor,,,,,,,,"$162,000.00 ","$162,000.00 ",
40915,Duluth Active & Retired Teachers Group,10000,,240.0,,Political Committee,Duluth,MN,55811,,1/22/2004,,$0.00 ,pac,labor,,,,,"$4,000.00 ","$4,000.00 ",,"$6,000.00 ","$6,000.00 ",
30096,Duluth FirePAC,33677.5,,111447.0,900.0,Political Fund,Duluth,MN,55803,www.duluthfirepac.com,9/12/1977,,"$39,737.00 ",pac,labor,"$3,397.50 ","$3,397.50 ",,,"$18,000.00 ","$18,000.00 ",,"$12,280.00 ","$12,280.00 ",
30626,East Central MN Area Labor Council COPE,12788.6,500.0,13342.3,,Political Fund,St Cloud,MN,56301,,4/23/2010 9:31,,$553.65 ,pac,labor,"$2,388.60 ","$2,388.60 ",,,"$7,000.00 ","$7,000.00 ",,"$2,400.00 ","$2,400.00 ",
30609,East Metro ASC LLC PAC (fka Minn Ambulatory Surgery Center Assoc),13000,,13993.7,,Political Fund,Lake Elmo,MN,55042,,8/9/2006,,"$4,430.47 ",pac,biz,,,,,"$2,500.00 ","$1,000.00 ","$1,500.00 ","$10,500.00 ","$3,000.00 ","$7,500.00 "
41005,Edinans for Erhardt,49961.94,10280.4,49500.0,44500.0,Political Committee,Edina,MN,55424,,9/15/2008,12/31/2009,,pac,candidate,"$39,681.57 ","$39,681.57 ",,,,,,,,
30558,Education Minn PAC,3934330.44,929855.0,4769608.8,15130.0,Political Fund,St Paul,MN,55103,,9/15/1998,,"$154,763.88 ",pac,labor,"$1,065,266.21 ","$2,305,417.37 ","$14,973.82 ","$8,201.28 ","$135,750.00 ","$133,350.00 ","$2,400.00 ","$1,689,274.00 ","$1,649,349.00 ","$39,925.00 "
30103,Elementary Principals Action Committee,28125,,,,Political Fund,St Paul,MN,55108,,10/16/1975,,"$10,883.61 ",pac,,,,,,"$11,750.00 ","$10,850.00 ",$900.00 ,"$16,375.00 ","$13,025.00 ","$3,350.00 "
40847,Emilys List - Minn,175788.42,8500.0,95025.1,,Political Committee,Washington,DC,20036,www.emilyslist.org,10/27/2000,,,pac,issue,,"$75,521.57 ",,,"$9,320.00 ","$9,320.00 ",,"$157,968.42 ","$157,968.42 ",
30163,Faegre Baker Daniels State-Reg Pol Fund (fka Faegre & Benson LLP),601637.5,27950.0,635907.9,,Political Fund,Minneapolis,MN,55402-3901,PAC@FaegreBD.com,10/6/1980,,"$1,300.50 ",pac,lawyers,,,,,"$109,000.00 ","$54,050.00 ","$33,950.00 ","$464,687.50 ","$257,137.50 ","$207,550.00 "
40991,FEAPAC - MINN,63302.5,3000.0,76967.5,,Political Committee,Shorewood,MN,55331,,12/7/2007,,"$21,234.34 ",pac,biz,,,,,"$17,240.00 ","$5,300.00 ","$10,240.00 ","$43,062.50 ","$20,250.00 ","$22,812.50 "
30619,Federal Express Minn State Fund,16900,500.0,2833.3,,Political Fund,Memphis,TN,38120,,9/8/2008,,,pac,biz,,,,,"$1,900.00 ",$300.00 ,"$1,600.00 ","$14,500.00 ",,"$14,500.00 "
30016,Firefighters Assoc of Mpls Political Fund,17550,7000.0,73594.3,,Political Fund,Minneapolis,MN,55418,,7/7/1974,,"$54,034.75 ",pac,labor,,,,,"$5,300.00 ","$5,300.00 ",,"$5,250.00 ","$4,250.00 ","$1,000.00 "
30315,Fond du Lac Committee of Political Ed,106600,,99550.0,,Political Fund,Cloquet,MN,55720,,9/21/1988,,"$7,312.66 ",pac,indian,,,,,"$10,250.00 ","$6,800.00 ","$3,450.00 ","$96,350.00 ","$55,850.00 ","$40,500.00 "
40019,Food PAC of Minn,64275,250.0,77500.0,,Political Committee,St Paul,MN,55102,,9/24/1974,,"$47,765.51 ",pac,biz,,,,,"$22,500.00 ","$5,800.00 ","$16,700.00 ","$41,525.00 ","$13,450.00 ","$28,075.00 "
40742,Freedom Club State PAC,2670407.37,,3196063.0,,Political Committee,Champlin,MN,55316,,11/2/1995 11:36,,"$2,028.21 ",pac,prorpm,"$1,996,367.37 ","$62,966.08 ","$2,108,068.65 ",,"$50,940.00 ",,"$50,940.00 ","$623,100.00 ",,"$623,100.00 "
40295,Friends of DFL Women,80550,500.0,82020.0,47475.0,Political Committee,St Paul,MN,55104,,9/24/1982,,"$6,345.04 ",pac,prodfl,,"$2,500.00 ",,,"$50,225.00 ","$50,225.00 ",,"$29,825.00 ","$29,825.00 ",
40935,Friends of Minn Nurse Anesthetists,20450,,28418.0,,Political Committee,Minneapolis,MN,55416,www.mnana.org,12/29/2004,,"$14,756.52 ",pac,,,,,,"$7,950.00 ","$3,600.00 ","$2,350.00 ","$12,500.00 ","$8,000.00 ","$4,500.00 "
30587,Goff Public PAC,50550,3000.0,55031.7,,Political Fund,St Paul,MN,55101,,8/16/2004,,"$1,884.01 ",pac,biz,,,,,"$16,600.00 ","$6,350.00 ","$10,250.00 ","$30,950.00 ","$15,200.00 ","$15,750.00 "
40970,Grand Portage PAC,42650,,59055.0,,Political Committee,Grand Portage,MN,55605,www.grandportage.com,10/12/2006,,"$22,760.35 ",pac,indian,,,,,"$6,000.00 ","$5,500.00 ",$500.00 ,"$36,650.00 ","$35,900.00 ",$750.00 
40725,Gray Plant Mooty Mooty & Bennett Independent PAC,11400,100.0,22817.8,,Political Committee,Minneapolis,MN,55402,,10/19/1994 9:28,,"$14,117.37 ",pac,lawyers,,,,,"$7,800.00 ","$3,550.00 ","$2,000.00 ","$3,500.00 ","$3,250.00 ",$250.00 
40825,GREAT (Great River Energy Action Team-State),60000,500.0,85645.5,,Political Committee,Wayzata,MN,55391,,12/30/1999,,"$29,443.06 ",pac,biz,,,,,"$25,200.00 ","$15,500.00 ","$9,700.00 ","$34,300.00 ","$22,250.00 ","$12,050.00 "
30634,Greater Minnesota Votes,45921.19,,48100.0,46000.0,Independent Expenditure,Minneapolis,MN,55408,,10/1/2010 10:00,12/31/2011,,pac,,"$45,921.19 ","$43,721.19 ",,"$2,200.00 ",,,,,,
30337,Health Partners Civic Affairs Council,14025,250.0,13008.3,,Political Fund,St Paul,MN,55105,,12/5/1990,,"$1,478.76 ",pac,biz,,,,,"$2,600.00 ","$1,200.00 ","$1,400.00 ","$11,175.00 ","$4,450.00 ","$6,725.00 "
30218,Hospitality Political Action Committee,82662,23500.0,206690.0,,Political Fund,St Paul,MN,55117-2031,,7/3/1974,,"$4,257.49 ",pac,biz,,,,,"$27,400.00 ","$4,950.00 ","$22,450.00 ","$31,762.00 ","$10,062.00 ","$21,700.00 "
30635,Housing First,72756.41,17500.0,86906.6,,Independent Expenditure,Roseville,MN,55113,www.batconline.org,10/8/2010 8:59,,"$12,070.39 ",pac,issue,"$55,256.41 ","$1,981.80 ","$53,274.61 ",,,,,,,
30631,HRC Equality Votes Minnesota,130430.11,130000.0,131032.7,,Independent Expenditure,Washington,DC,20036,www.hrc.org,9/10/2010 14:56,12/31/2010,,pac,issue,$430.11 ,$430.11 ,,,,,,,,
70041,HRC Minnesota PAC,41034.42,1022.6,35110.0,5250.0,Political Committee,Washington,DC,20036,,8/10/2006,10/22/2012,,pac,issue,,,,,$658.04 ,$658.04 ,,"$39,353.83 ","$39,353.83 ",
30331,IBEW - COPE,93500,,444584.9,158193.0,Political Fund,Washington,DC,20001,,10/29/1990,,"$2,082,993.64 ",pac,labor,,,,,"$7,500.00 ","$7,500.00 ",,"$81,000.00 ","$81,000.00 ",
30316,IBEW 110 PAC,197183.72,83558.0,,,Political Fund,St Paul,MN,55106,,2/25/1990,,"$18,042.68 ",pac,labor,,"$1,355.00 ",,,"$19,650.00 ","$18,850.00 ",$800.00 ,"$92,625.72 ","$92,625.72 ",
40094,IBEW Local #31 Volunteer COPE Fund,60595,46615.0,28909.1,,Political Committee,Duluth,MN,55812,,9/28/1976,,"$1,425.43 ",pac,labor,,$457.30 ,,,"$5,250.00 ","$5,250.00 ",,"$8,730.00 ","$8,730.00 ",
30119,IBEW Local 292 Political Education Fund,477259.87,63100.0,466208.4,,Political Fund,Minneapolis,MN,55414,,7/16/1974,,"$20,325.33 ",pac,labor,"$1,785.59 ","$2,533.92 ",$47.86 ,,"$50,300.00 ","$49,800.00 ",$500.00 ,"$352,074.28 ","$352,074.28 ",
30236,IBEW Local 343 Political Education Fund (fka Electr Loc 343 IBEW Ed Fd),51710.88,43860.9,36850.0,,Political Fund,Rochester,MN,55904-8435,,4/17/1984,,"$1,439.64 ",pac,labor,,$417.13 ,,,"$4,200.00 ","$4,200.00 ",,"$3,650.00 ","$3,650.00 ",
40404,IBEW Minn State Council PAC,543906.39,263405.4,542125.0,,Political Committee,St Anthony Village,MN,55421-4352,,6/16/1980,,"$3,161.48 ",pac,labor,"$4,176.00 ","$4,176.00 ",,,"$43,775.00 ","$43,775.00 ",,"$232,550.00 ","$232,550.00 ",
40056,IFAPAC Minn,31750,,88489.9,,Political Committee,Minneapolis,MN,55422,,7/23/1974,,"$4,856.52 ",pac,,,,,,"$27,850.00 ","$7,250.00 ","$20,600.00 ","$3,900.00 ","$2,250.00 ","$1,650.00 "
30308,IFO Political Action Committee Fund (Inter Faculty Organization),153160.72,2700.0,163513.7,,Political Fund,St Paul,MN,55103,,9/26/1989,,$877.03 ,pac,labor,"$1,270.72 ","$1,627.42 ",$15.58 ,,"$65,000.00 ","$55,550.00 ","$9,450.00 ","$84,190.00 ","$80,190.00 ","$4,000.00 "
30629,Impact Minnesota Political Fund,192535.97,,190951.8,29500.0,Independent Expenditure,St Paul,MN,55114,,8/26/2010 12:09,9/25/2012,$0.00 ,pac,prodfl,"$192,535.97 ","$192,535.97 ",,,,,,,,
40248,Independent Community Bankers of Minn PAC,78855,,185640.4,,Political Committee,St Paul,MN,55108,,9/10/1975,,"$46,289.11 ",pac,biz,,,,,"$13,700.00 ","$4,650.00 ","$9,050.00 ","$65,155.00 ","$18,205.00 ","$46,950.00 "
70014,Insurance Federation Political Action Comm,24175,12400.0,26200.3,2500.0,Political Committee,Maple Grove,MN,55369-5611,,2/29/1980,,"$2,212.08 ",pac,biz,,,,,"$2,175.00 ",$650.00 ,"$1,525.00 ","$9,600.00 ","$3,200.00 ","$6,400.00 "
30058,International Union of Operating Engineers,615642.78,116517.5,148780.5,7816.2,Political Fund,Minneapolis,MN,55418,,10/4/1974,,"$12,180.85 ",pac,labor,"$6,049.44 ","$6,049.44 ",,,"$53,675.00 ","$50,725.00 ","$2,950.00 ","$438,900.88 ","$436,000.88 ","$2,900.00 "
30092,Iron Workers Local 512,108014,9414.0,45000.0,,Political Fund,St Paul,MN,55104-1634,,11/25/1974,,$329.49 ,pac,labor,,,,,"$10,300.00 ","$10,300.00 ",,"$88,300.00 ","$88,300.00 ",
30611,IUPAT Political Action Together Pol Committee,146201,27251.0,1092679.8,,Political Fund,Hanover,MD,21076,,7/25/2006,,"$983,110.06 ",pac,labor,,,,,"$11,800.00 ","$11,800.00 ",,"$107,150.00 ","$107,150.00 ",
30013,Joint Council 32 DRIVE,216610,59700.0,1458592.7,447031.5,Political Fund,Minneapolis,MN,55414,,7/7/1974,,"$51,506.30 ",pac,labor,,,,,"$34,600.00 ","$33,300.00 ","$1,100.00 ","$122,310.00 ","$122,310.00 ",
40712,Laborers District Council of Minn & ND Pol Fund,1825250,442400.0,1916596.3,1978.1,Political Fund,St Paul,MN,55117,,6/28/1994,,"$22,757.14 ",pac,labor,,,,,"$58,200.00 ","$56,250.00 ","$1,250.00 ","$1,274,650.00 ","$1,274,650.00 ",
30624,Larkin Hoffman Political Fund,19250,,23975.9,,Political Fund,Bloomington,MN,55431,,12/10/2009 10:49,,"$4,876.85 ",pac,lawyers,,,,,"$1,000.00 ","$1,000.00 ",,"$18,250.00 ","$9,250.00 ","$9,000.00 "
40996,Leaders Aligned for Health Care,13750,1075.0,14400.0,,Political Committee,St Louis Park,MN,55426,,4/18/2008,5/15/2012,$5.00 ,pac,,,,,,"$2,700.00 ","$1,500.00 ",$200.00 ,"$9,975.00 ","$7,200.00 ","$2,775.00 "
40889,Leech Lake PAC,45621.78,500.0,58400.0,,Political Committee,Cass Lake,MN,56633,,8/29/2002,,"$2,185.65 ",pac,indian,,,,,"$6,362.50 ","$6,062.50 ",$300.00 ,"$38,759.28 ","$35,259.28 ","$3,500.00 "
30242,Leonard Street and Deinard PAC,134450,14700.0,161930.0,,Political Fund,Minneapolis,MN,55402,,2/11/1990,,"$5,153.21 ",pac,lawyers,,,,,"$30,175.00 ","$18,075.00 ","$11,100.00 ","$89,575.00 ","$51,550.00 ","$38,025.00 "
40105,Lindquist & Vennum Political Fund,20820,850.0,41825.0,,Political Committee,Minneapolis,MN,55402,,6/4/1979,,"$18,414.54 ",pac,lawyers,,,,,"$9,750.00 ","$4,950.00 ","$3,100.00 ","$10,220.00 ","$4,670.00 ","$5,550.00 "
30064,Local 28 Political Fund,83500,22700.0,25829.0,,Political Fund,St Paul,MN,55102,,10/15/1974,,"$7,884.89 ",pac,labor,,,,,$450.00 ,$450.00 ,,"$60,350.00 ","$60,350.00 ",
30022,Local 59 Political Fund,178630,16930.0,213374.2,,Political Fund,Minneapolis,MN,55413,,1/1/1990,,"$61,674.47 ",pac,labor,,,,,"$42,900.00 ","$42,400.00 ",$500.00 ,"$118,300.00 ","$117,200.00 ","$1,100.00 "
40820,Local 851 Political Action Committee,22864.6,12364.6,11410.8,,Political Fund,Anoka,MN,55303,,6/14/1999,11/16/2011,,pac,labor,,,,,"$10,000.00 ","$10,000.00 ",,$500.00 ,$500.00 ,
40837,Local Action Political Action Committee,29591.26,,29855.3,29855.3,Political Committee,West St Paul,MN,55118,,8/17/2000,,$436.25 ,pac,labor,"$29,591.26 ","$2,997.47 ","$29,591.26 ",,,,,,,
30230,Lockridge Grindal Nauen PLLP State Pol Fnd,502285.58,4000.0,553870.0,,Political Fund,Minneapolis,MN,55401,,1/1/1990,,"$2,086.97 ",pac,lawyers,,,,,"$38,911.84 ","$25,272.46 ","$13,639.38 ","$431,313.41 ","$277,368.45 ","$153,944.96 "
30327,Lower Sioux Political Education Fund,43374,,35070.0,,Political Fund,Morton,MN,56270,,8/31/1990,,$800.12 ,pac,indian,,,,,"$5,200.00 ","$3,700.00 ","$1,500.00 ","$38,174.00 ","$32,674.00 ","$5,500.00 "
70010,MABC PAC,47535.88,12500.0,45565.0,,Political Committee,Eden Prairie,MN,55344,,11/21/1986,,$405.89 ,pac,,"$10,000.00 ",,"$10,000.00 ",,"$16,220.88 ",,"$16,220.88 ","$8,815.00 ",,"$8,815.00 "
30293,MAFMIC Political Action Committee,75310,,35120.0,,Political Fund,St Joseph,MN,56374,,7/22/1988,,"$5,009.39 ",pac,biz,,,,,"$42,360.00 ","$7,900.00 ","$34,260.00 ","$32,950.00 ","$7,375.00 ","$25,575.00 "
30348,Mah Mah Wi No Min Fund I,917062.28,10600.0,993750.0,,Political Fund,Minneapolis,MN,55401,,11/2/1992,,"$12,824.96 ",pac,indian,"$2,602.28 ","$23,547.04 ",,,"$53,450.00 ","$43,200.00 ","$10,250.00 ","$850,410.00 ","$775,410.00 ","$75,000.00 "
30270,MAPE-PAC,415352.7,53767.7,119398.0,1500.0,Political Committee,Shoreview,MN,55126,,12/30/1985,,"$40,082.86 ",pac,labor,"$3,584.96 ","$3,584.96 ",,,"$52,650.00 ","$52,400.00 ",$250.00 ,"$305,350.00 ","$305,350.00 ",
30190,MCCL State Pac,65999.53,,45404.1,,Political Fund,Minneapolis,MN,55409,,7/26/1982,,"$19,346.43 ",pac,issue,"$60,057.47 ","$52,215.38 ","$360,548.89 ","$11,939.15 ","$3,911.13 ",,"$3,911.13 ","$2,030.93 ",,"$2,030.93 "
40036,MEDPAC Minn Medical Political Action Comm,102130,,262126.6,,Political Committee,Minneapolis,MN,55413,,7/5/1974,,"$19,357.81 ",pac,biz,"$4,880.00 ",,"$2,675.02 ","$6,040.78 ","$50,250.00 ","$30,250.00 ","$20,000.00 ","$47,000.00 ","$25,500.00 ","$21,500.00 "
40786,Messerli & Kramer Political Action Comm,118560,3100.0,153700.0,,Political Committee,St Paul,MN,55104,,6/4/1998,,"$2,185.46 ",pac,lawyers,,,,,"$15,950.00 ","$11,050.00 ","$4,900.00 ","$99,510.00 ","$59,960.00 ","$39,550.00 "
41077,Michele PAC Minnesota,20500,,21000.0,,Political Committee,Woodbury,WI,55125,,5/16/2012 15:15,,"$6,896.19 ",pac,prorpm,,,,,"$15,500.00 ",,"$15,500.00 ","$5,000.00 ",,"$5,000.00 "
40950,Midwest Values PAC - MN,19675,,,,Political Committee,Minneapolis,MN,55458,,2/1/2006,2/1/2007,,pac,prodfl,,,,,,,,"$19,675.00 ","$19,675.00 ",
30025,Minn AFL-CIO,770729.54,207772.7,1319325.6,734603.7,Political Fund,St Paul,MN,55103,,7/24/1974,,"$4,567.55 ",pac,labor,"$265,081.80 ","$381,236.88 ","$1,902.96 ","$11,959.05 ","$28,650.00 ","$28,650.00 ",,"$249,225.00 ","$249,225.00 ",
40201,Minn AGPAC,23899.7,2000.0,7875.0,,Political Committee,St Paul,MN,55102-1130,,8/12/1980,,"$2,803.17 ",pac,biz,,,,,"$11,899.70 ","$5,149.70 ","$6,750.00 ","$10,000.00 ","$4,800.00 ","$5,200.00 "
80026,Minn Assoc of Professional Employees Political Fund,434944.88,217960.0,294066.5,,Political Fund,Shoreview,MN,55126,,3/24/2010 16:00,,"$26,013.66 ",pac,labor,"$33,984.88 ","$33,984.88 ",,,$500.00 ,$500.00 ,,"$142,500.00 ","$142,500.00 ",
40751,Minn Bank State PAC,136300,31000.0,110220.0,,Political Committee,St Paul,MN,55103,,5/28/1996 10:20,,"$7,419.26 ",pac,biz,,,,,"$20,450.00 ","$6,300.00 ","$14,150.00 ","$84,850.00 ","$26,050.00 ","$58,800.00 "
70004,Minn Business Partnership PAC,674392.61,325000.0,722245.0,25000.0,Political Committee,Minneapolis,MN,55402,,7/27/1992,,"$34,428.95 ",pac,biz,"$168,192.61 ","$4,755.60 ","$382,637.20 ",,"$24,250.00 ",$500.00 ,"$23,750.00 ","$156,950.00 ","$1,750.00 ","$155,200.00 "
30127,Minn Cable Comm Assoc - PAC,52745,,52725.0,,Political Fund,St Paul,MN,55104,,11/18/1976,,$831.17 ,pac,biz,,,,,"$6,400.00 ","$4,050.00 ","$2,350.00 ","$46,345.00 ","$22,945.00 ","$23,400.00 "
70001,Minn Chamber of Commerce Leadership Fd,580723.57,357200.0,859960.0,47279.2,Political Committee,St Paul,MN,55101,,1/14/1983,,"$1,363.33 ",pac,biz,"$110,173.57 ","$15,693.39 ","$217,377.25 ",,"$2,000.00 ",$500.00 ,"$1,500.00 ","$111,350.00 ",$950.00 ,"$110,400.00 "
30111,Minn Chiropractic Political Action Comm,62212.5,500.0,82219.0,,Political Fund,Bloomington,MN,55431,,5/11/1976,,"$21,084.64 ",pac,biz,,,,,"$12,250.00 ","$10,000.00 ","$2,250.00 ","$49,462.50 ","$30,562.50 ","$18,900.00 "
70005,Minn CPAs Public Affairs Committee,187150,,284406.4,17177.8,Political Committee,Bloomington,MN,55431,,1/1/1990,,"$149,392.45 ",pac,biz,,,,,"$22,650.00 ","$10,400.00 ","$12,250.00 ","$164,500.00 ","$81,000.00 ","$83,500.00 "
30018,Minn Dental Political Action Committee,166400.5,3500.0,9198.0,,Political Fund,Minneapolis,MN,55408-1802,,7/7/1974,,"$19,453.12 ",pac,biz,,,,,"$75,380.50 ","$38,405.50 ","$36,975.00 ","$87,520.00 ","$40,070.00 ","$47,450.00 "
80001,Minn Eye PAC,36920,,29131.3,,Political Fund,Lake Elmo,MN,55042,,10/28/1985,,"$7,169.93 ",pac,biz,,,,,"$4,420.00 ","$2,520.00 ","$1,650.00 ","$32,500.00 ","$17,500.00 ","$15,000.00 "
40543,Minn Farmers Union PAC,31925,,17742.0,,Political Committee,St Paul,MN,55113-0007,,11/14/1988,,"$11,475.72 ",pac,biz,,,,,"$14,500.00 ","$14,375.00 ",$125.00 ,"$17,425.00 ","$15,025.00 ","$2,400.00 "
40714,Minn Hospital PAC,225832.58,3900.0,212533.0,15825.0,Political Committee,Minneapolis,MN,55414,,7/15/1994,,"$12,676.46 ",pac,biz,"$12,932.58 ","$2,932.58 ","$8,042.35 ","$10,000.00 ","$37,150.00 ","$23,000.00 ","$14,150.00 ","$171,850.00 ","$98,900.00 ","$72,950.00 "
40666,Minn Manufactured Home PAC,57120,200.0,59027.0,,Political Committee,W St Paul,MN,55118-3481,,12/7/1977,,"$2,651.03 ",pac,biz,,,,,"$16,800.00 ","$6,350.00 ","$10,450.00 ","$40,120.00 ","$22,370.00 ","$17,750.00 "
30245,Minn Nurses Assn Pol Comm (MNA-PC),862543.98,235604.6,743710.7,,Political Fund,St Paul,MN,55102,,1/1/1990,,$545.25 ,pac,labor,"$287,722.60 ","$299,597.77 ","$19,271.31 ","$51,788.00 ","$41,372.75 ","$40,672.75 ",$700.00 ,"$237,844.00 ","$236,844.00 ","$1,000.00 "
40562,Minn Physical Therapy PAC,43300,,21776.1,,Political Committee,St Paul,MN,55114,,5/5/1982,,"$1,833.76 ",pac,biz,,,,,"$20,050.00 ","$15,300.00 ","$4,750.00 ","$23,250.00 ","$14,500.00 ","$8,750.00 "
30599,Minn Pipe Trades Assn PAC Fund,76708.66,4701.4,69877.6,14568.4,Political Fund,Duluth,MN,55811,www.mnpipetrades.com,1/5/2006,,"$1,132.12 ",pac,labor,,,,,"$22,650.00 ","$21,650.00 ","$1,000.00 ","$49,357.31 ","$39,107.31 ","$10,250.00 "
30288,Minn Police & Peace Officers Assoc Leg Fund,46535.25,450.0,107080.0,40000.0,Political Fund,St Paul,MN,55130-4039,,1/8/1978,,"$63,836.44 ",pac,labor,"$4,685.25 ","$4,685.25 ",,,"$37,000.00 ","$26,650.00 ","$10,350.00 ","$4,400.00 ","$3,900.00 ",$500.00 
40789,Minn Power PAC,58780,4150.0,80492.0,,Political Committee,Duluth,MN,55812,,7/8/1998,,"$26,447.98 ",pac,biz,,,,,"$16,550.00 ","$11,250.00 ","$5,300.00 ","$38,080.00 ","$18,005.00 ","$20,075.00 "
30098,Minn Professional Fire Fighters PAC,58176.67,6200.0,68533.2,,Political Fund,St Louis Park,MN,55426-1338,,8/19/1974,,"$16,421.84 ",pac,labor,,,"$3,029.25 ",,"$21,026.67 ","$17,776.67 ","$3,250.00 ","$30,950.00 ","$23,250.00 ","$7,700.00 "
70006,Minn Realtors Political Action Committee,380495.43,500.0,325044.3,,Political Committee,Edina,MN,55436,www.mnrealtor.com,10/8/1974,,"$285,252.74 ",pac,biz,"$13,945.43 ","$25,023.42 ","$185,152.57 ","$15,721.74 ","$37,350.00 ","$14,750.00 ","$22,600.00 ","$328,700.00 ","$166,300.00 ","$162,400.00 "
30591,Minn Seasonal Recreational Property Owners PAC,37806.79,1000.0,250.0,,Political Fund,Mendota,MN,55150,,12/16/2004,,"$3,291.42 ",pac,biz,"$1,256.79 ",$620.71 ,$636.08 ,,"$11,350.00 ","$9,000.00 ","$2,350.00 ","$24,200.00 ","$16,950.00 ","$7,250.00 "
40123,Minn Service Station Assoc,10700,250.0,9608.6,,Political Committee,Little Canada,MN,55117,,4/28/1978,,"$5,703.12 ",pac,biz,,,,,"$5,900.00 ","$2,500.00 ","$3,400.00 ","$4,550.00 ","$3,400.00 ","$1,150.00 "
70022,Minn Soybean PAC,53325,,24726.0,,Political Committee,Mankato,MN,56001,,9/29/2000,,$938.56 ,pac,biz,,,,,"$27,825.00 ","$12,650.00 ","$15,175.00 ","$25,500.00 ","$9,500.00 ","$16,000.00 "
30060,Minn State Council of UNITE HERE Unions,256553.59,40703.6,188900.0,37500.0,Political Fund,Minneapolis,MN,55414,,10/8/1974,,$254.55 ,pac,labor,,,,,"$15,100.00 ","$15,100.00 ",,"$197,750.00 ","$197,750.00 ",
30115,Minn State MNPL,31500,11000.0,1400.0,,Political Fund,Vadnais Heights,MN,55127,,9/7/1976,,$749.51 ,pac,,,,,,"$4,500.00 ","$4,500.00 ",,"$15,500.00 ","$15,500.00 ",
30002,Minn State Patrol Troopers Assoc,29900,,12000.0,,Political Fund,Brooklyn Park,MN,55445,,2/10/1977,,"$6,519.98 ",pac,labor,,,,,"$5,350.00 ","$4,350.00 ","$1,000.00 ","$24,550.00 ","$17,050.00 ","$7,500.00 "
40756,Minn TruckPAC (fka Minn Trucking Assn State PAC),151300.88,30250.0,174228.0,,Political Committee,Roseville,MN,55113,,7/15/1996,,$236.51 ,pac,biz,"$24,725.88 ","$7,393.68 ","$17,332.20 ",,"$41,350.00 ","$13,650.00 ","$27,700.00 ","$54,975.00 ","$22,250.00 ","$32,725.00 "
30012,Minneapolis Bldg & Construct Trades Council,46548.8,1000.0,1500.0,1500.0,Political Fund,Minneapolis,MN,55414,,7/16/1974,,"$1,259.65 ",pac,labor,,,,,"$19,748.80 ","$18,998.80 ",$750.00 ,"$25,800.00 ","$25,250.00 ",$550.00 
40254,Minneapolis Fire Department Pensioners PCF,28950,3000.0,,,Political Committee,Minneapolis,MN,55413-1830,,1/29/1982,12/31/2011,,pac,labor,,,,,"$11,250.00 ","$9,050.00 ","$2,200.00 ","$14,700.00 ","$10,750.00 ","$3,950.00 "
30031,Minneapolis Firefighters Fraternal Assn (fka Relief Assn Pol Fund),221862.21,6000.0,21250.0,,Political Fund,Fridley,MN,55432,,8/19/1974,,$576.13 ,pac,labor,"$3,607.21 ",$160.50 ,"$3,607.21 ",,"$57,700.00 ","$38,150.00 ","$19,550.00 ","$154,555.00 ","$102,555.00 ","$52,000.00 "
30007,Minneapolis Municipal Retirement Assoc,187000,1500.0,,,Political Fund,Minneapolis,MN,55414-1053,,11/30/1978,,$999.01 ,pac,labor,,,,,"$33,450.00 ","$23,250.00 ","$10,200.00 ","$152,050.00 ","$98,250.00 ","$53,800.00 "
80029,Minneapolis Police Fraternal Association,12050,,31142.2,,Political Fund,St Paul,MN,55101,,12/23/2011 13:59,,"$10,191.85 ",pac,labor,,,,,"$6,100.00 ","$5,650.00 ",$450.00 ,"$5,950.00 ","$2,950.00 ","$3,000.00 "
30128,Minneapolis Police Relief Assoc,68856.59,1500.0,47888.0,,Political Fund,Minneapolis,MN,55413,,5/9/1977,12/31/2011,,pac,labor,"$3,606.59 ",,"$3,606.59 ",,"$24,375.00 ","$22,425.00 ","$1,950.00 ","$39,375.00 ","$22,025.00 ","$17,350.00 "
30011,Minneapolis Regional Labor Federation,343185.3,14500.0,590589.4,126956.0,Political Fund,Minneapolis,MN,55414,,7/3/1974,,"$22,779.52 ",pac,labor,"$32,013.30 ","$69,927.00 ","$6,724.20 ",,"$13,100.00 ","$12,600.00 ",$500.00 ,"$273,322.00 ","$273,022.00 ",$300.00 
30123,Minneapolis Retired Police Assoc Political Fund,53975,250.0,40000.0,,Political Fund,Minneapolis,MN,55403,,9/7/1976,6/19/2012,$0.00 ,pac,labor,,,,,"$23,325.00 ","$21,375.00 ","$1,950.00 ","$30,400.00 ","$15,000.00 ","$15,400.00 "
30632,Minnesota - America Votes,109432.93,,186984.7,,Independent Expenditure,Washington,DC,20036,,9/20/2010 11:30,,$0.00 ,pac,prodfl,"$109,432.93 ","$109,432.93 ",,,,,,,,
41051,Minnesota Future LLC,1346396.63,1229904.6,2329000.0,5000.0,Independent Expenditure,St Paul,MN,55128,,10/21/2010 8:16,1/31/2011,,pac,prorpm,"$116,492.00 ",,"$116,492.00 ",,,,,,,
70051,Minnesotans for Racino PAC,38625,,38450.0,,Political Committee,Mound,MN,55364,,6/21/2010 12:21,6/15/2012,$29.46 ,pac,biz,,,,,"$15,475.00 ","$2,400.00 ","$13,075.00 ","$23,150.00 ","$1,625.00 ","$21,525.00 "
40989,Minnesota's Future,2575655.13,5000.0,3455409.5,1352167.5,Independent Expenditure,St Paul,MN,55101,,11/27/2007,,"$13,036.55 ",pac,prorpm,"$2,570,655.13 ","$14,511.64 ","$2,376,693.92 ","$179,449.57 ",,,,,,
70016,MN Corn State PAC (fka MN Corn),26720,500.0,20086.0,,Political Committee,Shakopee,MN,55379,,1/14/1999,,"$8,374.00 ",pac,biz,,,,,"$12,670.00 ","$6,720.00 ","$5,950.00 ","$13,550.00 ","$5,300.00 ","$8,250.00 "
41035,MN FORWARD,1413096.34,,1841729.8,101000.0,Independent Expenditure,Minneapolis,MN,55402,,6/29/2010 16:09,,"$114,129.87 ",pac,prorpm,"$1,413,096.34 ","$12,206.08 ","$1,400,890.26 ",,,,,,,
70050,MN HomeCare PAC,10600,,16978.8,,Political Committee,St Paul,MN,55113,,5/27/2010 15:06,,"$5,758.33 ",pac,biz,,,,,"$2,000.00 ","$1,750.00 ",$250.00 ,"$8,600.00 ","$5,350.00 ","$3,250.00 "
30195,MN Retailers IMPACT (fka Mn Retail Pol Advocacy Fd),41075,26000.0,30896.4,450.0,Political Fund,St Paul,MN,55101,,6/24/1976,,"$12,181.72 ",pac,biz,,,,,"$2,650.00 ",$750.00 ,"$1,900.00 ","$12,425.00 ","$3,800.00 ","$8,625.00 "
30608,MN State Bldg & Construction Trades Cncl Pol Fund,162194.44,9000.0,208242.9,22922.4,Political Fund,St Paul,MN,55102,,7/24/2006,,"$2,795.67 ",pac,labor,"$20,538.45 ","$20,538.45 ",,,"$13,037.99 ","$12,487.99 ",$550.00 ,"$119,618.00 ","$117,868.00 ","$1,750.00 "
40940,MOHPA PAC,349069.76,250.0,341825.0,2000.0,Political Committee,St Paul,MN,55114,,7/28/2005,,"$3,132.34 ",pac,biz,"$5,669.76 ","$2,343.69 ","$3,326.07 ",,"$68,650.00 ","$21,950.00 ","$46,700.00 ","$274,500.00 ","$110,750.00 ","$163,750.00 "
40907,Motorcycle PAC of Minn,11200,,,,Political Committee,Chanhassen,MN,55317,,5/2/2003,,"$13,434.16 ",pac,issue,,,,,"$4,950.00 ","$2,850.00 ","$2,100.00 ","$6,250.00 ","$3,000.00 ","$3,250.00 "
80022,MPS PAC,18650,,11750.0,,Political Fund,St Paul,MN,55110,mnpsychsoc.org/pac.html,7/25/2003,,"$4,814.94 ",pac,,,,,,"$18,650.00 ","$9,550.00 ","$9,100.00 ",,,
80002,MSA-PAC,20750,,13850.0,,Political Fund,Minneapolis,MN,55401,,9/21/1988,,$692.25 ,pac,issue,,,,,"$6,750.00 ","$3,500.00 ","$3,250.00 ","$14,000.00 ","$5,500.00 ","$8,500.00 "
30108,MTA PAC (fka SITCO PAC),119975,,113130.0,,Political Fund,Roseville,MN,55113,,8/3/1976,,"$43,001.25 ",pac,biz,,,,,"$106,975.00 ","$47,775.00 ","$59,200.00 ","$13,000.00 ","$6,250.00 ","$6,750.00 "
30124,Multi Housing Political Action Committee,264850,1400.0,304276.3,10000.0,Political Fund,Bloomington,MN,55431,,9/13/1976,,"$56,790.92 ",pac,biz,,,,,"$48,350.00 ","$23,325.00 ","$25,025.00 ","$215,100.00 ","$106,700.00 ","$108,400.00 "
30557,NAIOP Economic Growth Fund,59750,43000.0,60553.0,1250.0,Political Fund,Minneapolis,MN,55416,,8/13/1998,,"$4,646.11 ",pac,biz,,,,,"$5,500.00 ","$2,000.00 ","$3,500.00 ","$11,250.00 ",,"$11,250.00 "
30552,NARAL Pro-Choice Minn Election Fund,18178.59,2200.0,13521.0,8000.0,Political Fund,St Paul,MN,55114,www.ProChoiceMinnesota.org,11/22/1995 13:38,,$531.03 ,pac,issue,"$14,828.59 ","$16,436.05 ","$2,885.27 ",,"$1,150.00 ","$1,150.00 ",,,,
30656,National Assn of Realtors Fund,95179.55,,95179.6,,Independent Expenditure,Chicago,IL,60611,,10/30/2012 13:00,,$0.00 ,pac,biz,"$95,179.55 ",,"$95,179.55 ",,,,,,,
40741,NFIB/MN Save Americas Free Enterprise Trust,26262.73,,27200.0,,Political Committee,Washington,DC,20004,,8/16/1996 10:05,,,pac,biz,"$3,805.96 ",,"$4,903.46 ",,"$14,456.77 ",,"$14,456.77 ","$8,000.00 ","$1,750.00 ","$6,250.00 "
30561,North Central States Carpenters PAC,680014.93,25729.9,19261.1,17811.1,Political Fund,St Paul,MN,55130,,5/3/2000,,"$31,037.32 ",pac,labor,"$22,638.55 ","$37,684.07 ",,,"$70,431.50 ","$55,521.50 ","$14,910.00 ","$560,715.00 ","$489,795.00 ","$70,920.00 "
41023,North Star SFAA-PAC,91905,2250.0,165562.5,,Political Committee,Edina,MN,55742,,1/14/2010 9:31,,"$54,633.80 ",pac,biz,"$2,605.00 ",,"$2,605.00 ",,"$21,550.00 ","$1,500.00 ","$20,050.00 ","$65,500.00 ","$21,250.00 ","$44,250.00 "
40994,Northeast ALC PAC,13215.35,729.9,93386.2,24214.4,Political Fund,Duluth,MN,55812,www.nealc.org,2/5/2008,,"$38,893.96 ",pac,labor,$513.00 ,$513.00 ,,,"$5,300.00 ","$5,300.00 ",,"$6,672.50 ","$6,672.50 ",
40069,Northwest Petroleum NPPAC,52620,300.0,,,Political Committee,St Paul,MN,55126-3047,,4/4/1977,,"$30,299.02 ",pac,biz,,,,,"$37,550.00 ","$17,550.00 ","$20,000.00 ","$14,770.00 ","$5,970.00 ","$8,800.00 "
70035,NRA Political Victory Fund,59705.85,,,,Political Committee,Fairfax,VA,22030,,5/15/1990,,"$2,571.52 ",pac,issue,"$58,705.85 ",$39.46 ,"$161,639.20 ","$1,313.09 ",$500.00 ,$500.00 ,,$500.00 ,,$500.00 
40894,Ottertail Power PAC,22925,200.0,30294.9,,Political Committee,Fergus Falls,MN,56538-0944,,9/20/2002,,"$4,080.47 ",pac,biz,,,,,"$10,350.00 ","$2,850.00 ","$7,500.00 ","$12,375.00 ","$5,025.00 ","$7,350.00 "
70033,OutFront Minnesota Action,34354.12,9727.2,61740.0,500.0,Political Committee,Minneapolis,MN,55409-1337,www.outfrontaction.org,8/30/2004,,$742.22 ,pac,issue,"$3,726.94 ","$3,726.94 ",,,,,,"$20,900.00 ","$20,900.00 ",
30633,OutFront MN Action Independent Expenditure Fund,19551.13,,42595.2,28727.2,Independent Expenditure,Minneapolis,MN,55409-1337,,9/23/2010 9:56,,$0.00 ,pac,issue,"$19,551.13 ","$19,551.13 ",,,,,,,,
40246,PAL 9 Natl Assoc of Letter Carriers,30745,2570.0,4000.0,,Political Committee,Coon Rapids,MN,55448-2316,,3/19/1976,,"$8,109.98 ",pac,labor,,,,,"$16,750.00 ","$16,750.00 ",,"$11,425.00 ","$11,425.00 ",
30268,People in Construction Political Action Comm,21900,,42400.0,,Political Fund,Apple Valley,MN,55124,,12/13/1985,,"$14,278.13 ",pac,biz,,,,,"$6,700.00 ","$2,700.00 ","$4,000.00 ","$15,200.00 ","$8,750.00 ","$6,450.00 "
40016,PharmPAC,18300,,12300.0,,Political Committee,St Paul,MN,55114,,7/9/1974,,"$1,969.09 ",pac,biz,,,,,"$7,450.00 ","$3,300.00 ","$4,150.00 ","$10,850.00 ","$6,050.00 ","$4,800.00 "
40821,Pine Bend PAC,62220,,84275.0,,Political Committee,Burnsville,MN,55337,,7/29/1999,,"$13,159.82 ",pac,,,,,,"$3,950.00 ","$1,850.00 ","$2,100.00 ","$58,270.00 ","$24,720.00 ","$33,550.00 "
30239,Pipe Fitters Local 539,71888.07,3241.1,40673.3,,Political Fund,Minneapolis,MN,55414,,5/23/1984,,"$8,507.24 ",pac,labor,,,,,"$36,300.00 ","$35,550.00 ",$750.00 ,"$32,347.00 ","$32,347.00 ",
30628,"Planned Parenthood Minnesota, North Dakota, South Dakota Action Fund",159797.43,5000.0,167925.4,,Independent Expenditure,St Paul,MN,55114,plannedparenthoodadvocate.com,8/5/2010 8:24,,$0.00 ,pac,issue,"$154,797.43 ","$154,775.43 ",$0.00 ,$22.00 ,,,,,,
80012,Planned Parenthood of Minn Pol Action Fund,79988.7,19900.0,105890.0,,Political Fund,St Paul,MN,55114,,7/16/2002,,"$10,552.25 ",pac,issue,"$60,088.70 ","$147,697.15 ",,,,,,,,
30571,Plumbers & Pipefitters Local #589 Pol Action Comm,18088.28,888.3,,,Political Fund,Virginia,MN,55792-3496,,11/20/2001,,$966.72 ,pac,labor,,,,,"$5,700.00 ","$5,700.00 ",,"$11,500.00 ","$11,500.00 ",
30577,Plumbers & Steamfitters Local 11 PAC Fund,27288.08,1733.1,14095.6,,Political Fund,Duluth,MN,55811,,8/29/2002,,"$1,655.68 ",pac,labor,,,,,"$9,750.00 ","$9,750.00 ",,"$15,805.00 ","$15,805.00 ",
30033,Plumbers Local Union #15 COPE Account,18517,2300.0,,,Political Fund,Minneapolis,MN,55404,,9/5/1974,,$136.54 ,pac,labor,,,,,"$1,850.00 ","$1,850.00 ",,"$14,367.00 ","$14,367.00 ",
30085,Police Officers Fed of Mpls Contingency Fund,70750,,117000.0,,Political Fund,Minneapolis,MN,55418,mpdfederation.com,10/31/1974,,"$4,339.13 ",pac,labor,,"$2,524.71 ",,,"$32,500.00 ","$17,250.00 ","$13,000.00 ","$38,250.00 ","$18,750.00 ","$19,500.00 "
30555,Prairie Island Indian Community PAC,649179,1000.0,560000.0,,Political Fund,Welch,MN,55089,,10/30/1996 8:42,,"$2,875.29 ",pac,indian,,,,,"$40,750.00 ","$26,500.00 ","$14,250.00 ","$607,429.00 ","$438,179.00 ","$169,250.00 "
41047,Pro Jobs Majority,784939.76,10000.0,886816.3,5500.0,Independent Expenditure,St Paul,MN,55101,,9/23/2010 8:48,,"$14,676.50 ",pac,biz,"$774,939.76 ","$45,400.00 ","$729,539.76 ",,,,,,,
41092,Progressive Kick IE,46119.07,33347.0,93500.0,,Independent Expenditure,Oakland,CA,94612,www.progressivekick.org,9/27/2012 12:39,,"$46,481.31 ",pac,prodfl,"$12,772.07 ","$12,772.07 ",,,,,,,,
40981,Progressive Majority Minnesota,11689.66,125.0,59451.0,10450.0,Political Committee,Washington,DC,20006,,4/10/2007,,$43.42 ,pac,prodfl,,,,,"$7,814.66 ","$7,814.66 ",,"$3,750.00 ","$3,750.00 ",
80027,Project 515 PAC,27850,,29247.6,522.6,Political Fund,Minneapolis,MN,55414,,7/23/2010 16:26,,$824.84 ,pac,issue,,,,,"$10,000.00 ","$9,500.00 ",$500.00 ,"$17,850.00 ","$17,850.00 ",
40275,Public Emp Pension Serv Assn (PEPSA) Pol Fund,70765,250.0,16403.1,,Political Fund,Inver Grove Heights,MN,55076,pepsa.org,9/13/1974,,"$1,558.05 ",pac,labor,,,,,"$6,550.00 ","$4,550.00 ","$2,000.00 ","$63,965.00 ","$35,290.00 ","$28,675.00 "
30654,Public Safety Matters Campaign,277239.21,,307150.0,92500.0,Independent Expenditure,St Paul,MN,55130,,10/1/2012 11:03,,"$1,231.22 ",pac,labor,"$277,239.21 ","$277,239.21 ",,,,,,,,
40933,Putting Minnesota First,140850.48,,183989.0,130036.4,Independent Expenditure,St Paul,MN,55114,,9/27/2004,,"$10,164.00 ",pac,prodfl,"$140,850.48 ","$195,405.51 ","$25,191.30 ",,,,,,,
30151,Retired Peoples Political Action Fund,46000,,14999.0,,Political Fund,Excelsior,MN,55331,info@mrsea.org,1/10/1980,,"$4,021.81 ",pac,labor,,,,,,,,"$46,000.00 ","$23,000.00 ","$23,000.00 "
30568,Rice Michels & Walther LLP Political Fund,16896.02,200.0,55351.6,,Political Fund,Minneapolis,MN,55413,,7/24/2001,,$241.38 ,pac,biz,,,,,"$4,250.00 ","$3,750.00 ",$500.00 ,"$12,446.02 ","$8,859.81 ","$3,586.21 "
30258,RKM&C Fund,216342.43,34500.0,221409.5,,Political Fund,Minneapolis,MN,55402-2015,,3/3/1978,,"$11,936.02 ",pac,lawyers,,,,,"$52,650.00 ","$11,900.00 ","$1,500.00 ","$118,275.00 ","$113,275.00 ","$5,000.00 "
40098,Road PAC of Minn,50798.22,10000.0,70050.3,5375.3,Political Committee,Apple Valley,MN,55124,,8/4/1976,,"$11,257.92 ",pac,biz,"$23,134.96 ","$17,793.79 ","$5,341.17 ",,"$9,763.26 ","$6,738.26 ","$3,025.00 ","$7,900.00 ","$6,600.00 ","$1,300.00 "
40238,Rural Electric Political Action Comm,78571.4,250.0,,,Political Committee,Maple Grove,MN,55369,,6/17/1981,,"$6,273.92 ",pac,biz,,,,,"$43,245.00 ","$20,050.00 ","$23,195.00 ","$35,076.40 ","$16,100.00 ","$18,976.40 "
40872,Rural Minn Preservation,25866.47,,17665.0,12040.0,Political Committee,St Paul,MN,55106-1119,,1/29/2002,,$379.35 ,pac,issue,"$24,466.47 ","$52,852.42 ",,,"$1,400.00 ","$1,400.00 ",,,,
30192,Saint Paul Teachers Pension PAC,91950,1000.0,64310.0,,Political Fund,St Paul,MN,55104,,6/4/1979,,"$4,777.00 ",pac,labor,,,,,"$54,950.00 ","$36,700.00 ","$18,250.00 ","$36,000.00 ","$17,800.00 ","$18,200.00 "
30093,SEIU Healthcare Minn (fka SEIU Local 113),394938.23,297976.9,302759.2,11795.3,Political Fund,St Paul,MN,55102,,1/1/1990,,"$3,712.16 ",pac,labor,"$15,008.29 ","$15,008.29 ",,,"$4,400.00 ","$4,400.00 ",,"$64,892.97 ","$64,892.97 ",
30602,SEIU Local 26 Political Fund,81852.47,66107.5,83994.1,65964.2,Political Fund,Minneapolis,MN,55414,,4/5/2006,,"$18,190.07 ",pac,labor,,,,,"$4,000.00 ","$4,000.00 ",,"$11,745.00 ","$11,745.00 ",
30037,SEIU Minn State Council Political Fund,2242378.62,627942.7,1652327.2,368079.2,Political Fund,St Paul,MN,55114,,9/5/1974,,"$75,812.52 ",pac,labor,"$109,067.72 ","$254,198.91 ",$176.16 ,,"$72,345.00 ","$71,095.00 ","$1,250.00 ","$1,433,023.18 ","$1,433,023.18 ",
40550,Shakopee Mdewakanton Sioux,1464957,4000.0,1175000.0,,Political Committee,Prior Lake,MN,55372,,2/23/1989,,"$17,642.74 ",pac,indian,,,,,"$55,475.00 ","$49,025.00 ","$6,450.00 ","$1,390,482.00 ","$1,225,182.00 ","$165,300.00 "
30588,Sheet Metal Workers PAC 10,120689.56,1624.6,57000.0,,Political Fund,Maplewood,MN,55109,,9/14/2004,,"$2,276.44 ",pac,labor,,,,,"$32,325.00 ","$31,675.00 ",$650.00 ,"$86,740.00 ","$86,740.00 ",
80020,Sierra Club Political Committee,44924.72,4500.0,41329.0,,Political Fund,Minneapolis,MN,55406,,7/2/1982,,"$2,095.44 ",pac,issue,"$39,339.72 ","$91,394.14 ","$11,612.96 ",,$600.00 ,$600.00 ,,$125.00 ,$125.00 ,
70052,SMART PAC,16500,,20400.0,,Political Committee,St Paul,MN,55117,,9/27/2010 15:42,,"$8,751.00 ",pac,biz,,,,,"$2,000.00 ","$2,000.00 ",,"$14,500.00 ","$7,500.00 ","$7,000.00 "
30120,SOF-PAC,34250,15000.0,44915.0,,Political Fund,Eagan,MN,55122,,8/4/1976,,"$1,700.36 ",pac,,,,,,"$2,150.00 ",$350.00 ,"$1,800.00 ","$17,100.00 ","$3,700.00 ","$13,400.00 "
30637,Somali Action Alliance Political Fund,44374.96,,54575.0,10000.0,Independent Expenditure,Minneapolis,MN,55406,,10/20/2010 14:16,7/11/2012,$0.00 ,pac,issue,"$44,374.96 ","$44,374.96 ",,,,,,,,
30234,Sprinkler Fitters Local Union No 417,18369,419.0,,,Political Fund,Minneapolis,MN,55413,,4/9/1984,,"$1,064.03 ",pac,labor,,,,,"$6,550.00 ","$6,300.00 ",$250.00 ,"$11,400.00 ","$11,400.00 ",
30556,St Paul Area Chamber of Commerce PAC,12616.67,11000.0,98420.0,2600.0,Political Fund,St Paul,MN,55101,,8/13/1997,,"$7,702.84 ",pac,biz,$66.67 ,"$9,579.84 ",$11.11 ,,,,,"$1,550.00 ",,"$1,550.00 "
30154,St Paul Firefighters Local 21 Political Action Committee,32400,15400.0,32332.0,,Political Fund,St Paul,MN,55102,,3/25/1980,,"$30,237.82 ",pac,labor,,,,,"$6,000.00 ","$6,000.00 ",,"$11,000.00 ","$10,000.00 ","$1,000.00 "
30325,St Paul Pipefitters Local 455 PAC,114717,7377.0,47695.3,,Political Fund,St Paul,MN,55114,,8/21/1990,,"$17,364.75 ",pac,labor,,,,,"$43,190.00 ","$42,690.00 ",$500.00 ,"$64,150.00 ","$64,150.00 ",
40790,St Paul Regional Labor Federation AFL-CIO (fka St Pl Trds & Lbr Asmbly PAC),49729.01,12950.1,104344.0,43735.1,Political Fund,St Paul,MN,55102,,7/8/1998,,"$47,674.73 ",pac,labor,"$1,528.87 ","$5,966.98 ",,,"$5,200.00 ","$5,200.00 ",,"$30,050.00 ","$30,050.00 ",
41049,State Fund for Economic Growth LLC,200000,200000.0,250050.0,,Independent Expenditure,Wayzata,MN,55391,,8/16/2010,,$50.00 ,pac,biz,,,,,,,,,,
30550,Suburban School Emp Local 284 Pol Act Fund,106936.91,90976.4,35049.4,12049.4,Political Fund,South St Paul,MN,55075,,10/31/1994 15:14,,"$21,205.99 ",pac,labor,,,,,"$2,750.00 ","$2,750.00 ",,"$7,798.00 ","$7,798.00 ",
70026,Take Action PAC,116374.88,7072.0,276255.4,204345.4,Political Committee,St Paul,MN,55114,,8/6/2002,,"$21,354.00 ",pac,prodfl,"$92,946.47 ","$164,196.47 ",,,"$1,896.67 ","$1,896.67 ",,"$7,022.74 ","$7,022.74 ",
30636,TakeAction Political Fund,389811.98,,836663.2,9500.0,Independent Expenditure,St Paul,MN,55114,,10/14/2010 16:10,,$73.41 ,pac,prodfl,"$38,439.25 ","$38,439.25 ",,,,,,,,
30622,TCO Political Action Committee,25000,,18200.0,,Political Fund,St Louis Park,MN,55426,,12/5/2008,,$50.00 ,pac,,,,,,"$4,200.00 ",,"$4,200.00 ","$20,800.00 ","$8,000.00 ","$12,800.00 "
80023,Teamsters Local 120 DRIVE,192146,6750.0,328797.1,328797.1,Political Fund,Blaine,MN,55434,,12/4/2006,,"$5,618.70 ",pac,labor,,,,,"$32,400.00 ","$25,600.00 ","$4,300.00 ","$152,996.00 ","$152,996.00 ",
30225,TRIAL-PAC,390513.17,31600.0,410213.6,38000.0,Political Fund,Minneapolis,MN,55402,,10/25/1979,,"$10,597.59 ",pac,lawyers,"$1,251.30 ","$1,251.30 ",,,"$33,769.80 ","$30,769.80 ","$2,500.00 ","$323,142.07 ","$276,267.07 ","$46,875.00 "
40810,Twin Cities Republican Assn,10200,,375.0,,Political Committee,Victoria,MN,55386-9701,TwinCitiesRepublicans.com,10/23/1998,,"$1,247.33 ",pac,prorpm,,,,,"$8,900.00 ",,"$8,150.00 ","$1,300.00 ",,"$1,300.00 "
70013,TwinWest Chamber of Commerce PAC,64638.29,40820.7,77335.0,1100.0,Political Committee,Plymouth,MN,55441-8709,www.twinwestpac.com,8/8/1990,,"$1,357.52 ",pac,biz,"$9,817.60 ","$3,177.53 ","$21,897.17 ",,"$5,500.00 ",,"$5,500.00 ","$8,500.00 ","$1,250.00 ","$7,250.00 "
30083,U A Plumbers Local #34 Political Fund,27500,1600.0,22053.5,,Political Fund,St Paul,MN,55102-1069,,10/31/1974,,"$11,854.62 ",pac,labor,,,,,"$9,200.00 ","$9,200.00 ",,"$16,700.00 ","$16,400.00 ",$300.00 
41001,UFCW Active Ballot Club,107350,,,,Political Committee,Washington,DC,20006-1598,,6/30/2008,,$0.00 ,pac,labor,,,,,$850.00 ,$850.00 ,,"$106,500.00 ","$106,500.00 ",
30606,UNITE HERE TIP State and Local Fund-MN,52500,37500.0,7994955.5,,Political Fund,New York,NY,10001,,6/30/2006,,"$776,737.04 ",pac,labor,,,,,,,,"$15,000.00 ","$15,000.00 ",
30174,United Food & Commerical Workers Council 6,73706,,24506.7,,Political Fund,Schaumburg,IL,60173-2412,,4/30/1981,,"$21,752.48 ",pac,labor,,,,,"$8,806.00 ","$8,306.00 ",$500.00 ,"$64,900.00 ","$64,900.00 ",
40745,United Steelworkers District 11 Non-Federal Acct,104000,27000.0,247244.3,4734.3,Political Fund,Minneapolis,MN,55414,,2/26/1996 11:03,,$494.00 ,pac,labor,,,,,"$13,450.00 ","$13,450.00 ",,"$63,550.00 ","$63,550.00 ",
30019,UTU PAC-MN,92975,700.0,54675.1,,Political Fund,St Paul,MN,55102,,8/19/1974,,"$1,021.02 ",pac,labor,,,,,"$18,375.00 ","$18,175.00 ",$200.00 ,"$73,900.00 ","$73,650.00 ",$250.00 
80005,VET-PAC of Minn,34400,200.0,740.0,,Political Fund,South St Paul,MN,55075,,11/7/1984,,"$4,980.80 ",pac,issue,,,,,"$14,100.00 ","$8,300.00 ","$5,800.00 ","$20,100.00 ","$12,050.00 ","$8,050.00 "
41021,VOICES of Conservative Women State PAC (VOICESPAC),59204.39,3000.0,104133.9,1750.0,Political Committee,Maple Grove,MN,55311,www.voicesofconservativewomen.org,11/30/2009 14:33,,"$7,661.79 ",pac,prorpm,"$45,682.67 ",,"$45,682.67 ",,"$10,521.72 ",,"$10,521.72 ",,,
30191,VOTE - 66,26800,8200.0,27500.0,500.0,Political Fund,Duluth,MN,55802,,7/27/1982,,"$27,457.67 ",pac,labor,,,,,"$3,250.00 ","$3,250.00 ",,"$15,350.00 ","$15,350.00 ",
41050,Vote Racino Now Committee,121761.36,,155565.2,,Independent Expenditure,Janesville,MN,56048,,10/12/2010 13:54,12/31/2010,,pac,issue,"$121,761.36 ","$33,023.86 ","$88,737.50 ",,,,,,,
40537,Waste Management PAC of Minn,11250,,10400.0,,Political Committee,Lakeville,MN,55044,,10/21/1988,,"$3,531.67 ",pac,biz,,,,,$450.00 ,$250.00 ,$200.00 ,"$10,800.00 ","$5,300.00 ","$5,500.00 "
30625,WIN Minnesota Political Action Fund,5697488.3,5697488.3,5737990.7,230461.9,Independent Expenditure,St Paul,MN,55104,,12/16/2009 16:11,,$8.01 ,pac,prodfl,,,,,,,,,,
30345,Winthrop & Weinstine PA Political Fund,29210.63,2400.0,41950.0,,Political Fund,Minneapolis,MN,55402-4629,,6/16/1992,,"$3,564.14 ",pac,biz,,,,,"$6,130.63 ","$3,300.00 ","$2,400.00 ","$19,930.00 ","$8,780.00 ","$11,150.00 "
40268,womenwinning State PAC,59900,,535494.0,15675.0,Political Committee,St Paul,MN,55114,,1/1/1990,,"$16,527.49 ",pac,prodfl,"$4,000.00 ","$12,218.42 ",,"$2,235.00 ","$55,900.00 ","$55,900.00 ",,,,
30623,Working America Minn Political Committee,272370.42,,487875.4,304207.2,Independent Expenditure,Washington,DC,20006,workingamerica.org,9/2/2009 16:18,,($500.00),pac,labor,"$272,370.42 ","$246,906.42 ",,"$25,464.00 ",,,,,,
30618,Working Families Fund,20893.51,7500.0,61541.9,8519.8,Political Fund,Rochester,MN,55904,,12/17/2007,,"$29,614.20 ",pac,,$543.51 ,$543.51 ,,,"$10,500.00 ","$10,500.00 ",,"$2,150.00 ","$2,150.00 ",
40877,Xcel Energy Employees PAC (fka Power PAC),100890,,112161.7,,Political Committee,Edina,MN,55436,,3/29/2002,,"$4,082.45 ",pac,biz,,,,,"$6,425.00 ","$2,975.00 ","$3,450.00 ","$94,465.00 ","$41,265.00 ","$53,200.00 "
